,English,Vietnamese,Tamil Translation,Spanish,Hindi,Malay,Arabic,Portuguese,Swahili,Russian,French,Filipino,Thai,INDONESIAN,Nepali,Bengali,Chinese (Simplified),Chinese (Traditional),Khmer
,en,vi,ta,es,hi,my,ar,pt,sw,ru,fr,fil,th,in,ne,bn,zh,zh,km
yes,YES,CÓ,ஆம்,SI,हाँ,YA,نعم,Sim,NDIO,ДА,OUI,OO,ใช่,YA,हुन्छ,হ্যা ,是,是,ព្រម
no,NO,KHÔNG,இல்லை,NO,नहीं,TIDAK,كلا,Não,LA,НЕТ,NON,HINDI,ไม่,TIDAK,हुँदैन,না ,否,否,មិនព្រម
<!-- Permissions page -->,<!-- Permissions page -->,<!-- Permissions page -->,<!-- Permissions page -->,<!-- Permissions page -->,<!-- Permissions page -->,<!-- Permissions page -->,<!-- Permissions page -->,<!-- Permissions page -->,<!-- Permissions page -->,<!-- Permissions page -->,<!-- Permissions page -->,<!-- Permissions page -->,<!-- Permissions page -->,<!-- Permissions page -->,<!-- Permissions page -->,<!-- Permissions page -->,<!-- Permissions page -->,<!-- Permissions page -->,<!-- Permissions page -->
timby_permissions_title,Grant TIMBY Permissions,Cho TIMBY quyền truy cập,TIMBY க்கு அனுமதி வழங்கு,Conceder permisos a TIMBY,टिम्बी को परमिशन दे,Izinkan TIMBY,منحه TIMBY أذن,Conceda autorização ao TIMBY,Kubalia TIMBY,Предоставьте разрешение TIMBY на,Accorder des autorisations à TIMBY.,Bigyans ng Mga Permiso ang TIMBY,อนุมัติคำขอของ TIMBY,Memberikan TIMBY Ijin,TIMBY लाई अनुमति दिनुहोस्,TIMBY কে অনুমোদন প্রদান করুন ,授予 TIMBY 权限,授予 TIMBY 許可權,ផ្តល់សិទ្ធិដល់TIMBY
timby_permissions_justification,"TIMBY needs camera,audio,GPS, storage and  phone permissions","TIMBY cần truy cập vào máy ảnh, âm thanh, GPS, kho lưu trữ và điện thoại","TIMBY க்கு கேமரா, ஆடியோ, ஜிபிஎஸ், சேமிப்பு மற்றும் தொலைபேசி அனுமதிகள் தேவை","TIMBY necesita Cámara,Audio,GPS,Almacenamiento &amp; Permisos de teléfono","टिम्बी को कैमरा, ऑडियो, जी पी एस, और फोन की में प्रवेश करने की परमिशन चाहिए","TIMBY memerlukan keizinan kamera, audio, GPS, storan dan telefon",TIMBY يحتاج كاميرا والصوت، GPS، التخزين، واعدادات الهاتف,"O TIMBY precisa de autorização para aceder à câmara, áudio, GPS, armazenamento e telefone","TIMBY inahitaji kibali kufikia Kamera, Sauti, GPS, Hifadhi, na Simu","TIMBY требуется разрешение на использование камеры, аудио, GPS, памяти и звонки","TIMBY besoins Appareil photo,audio,GPS,stockage &amp; autorisations de téléphone.","Kailangan ng TIMBY ng permiso sa camera, audio, GPS, storage at telepono","TIMBY ต้องการเข้าถึงกล้อง, เสียง, GPS, หน่วยความจำ และโทรศัพท์","TIMBI membutuhkan ijin mengakses kamera, audio, GPS, penyimpanan dan telepon","TIMBYलाई क्यामेरा, अडियो, जिपिएस, स्टोरेज र फोन अनुमतिहरु आवश्यक हुन्छ","TIMBY এর জন্য প্রয়োজন হবে ক্যামেরা, অডিও, জিপিএস, স্টোরেজ এবং আপনার ফোনের অনুমোদন  ",TIMBY 需要摄像头、音频、GPS、存储及电话权限,TIMBY 需要相機、音訊、GPS、存儲及電話許可權,TIMBYត្រូវការការអនុញ្ញាតប្រើកាមេរ៉ា សម្លេង ជីភីអេស អង្គផ្ទុកទិន្នន័យ និងទូរស័ព្ទ
<!-- Login page -->,<!-- Login page -->,<!-- Login page -->,<!-- Login page -->,<!-- Login page -->,<!-- Login page -->,<!-- Login page -->,<!-- Login page -->,<!-- Login page -->,<!-- Login page -->,<!-- Login page -->,<!-- Login page -->,<!-- Login page -->,<!-- Login page -->,<!-- Login page -->,<!-- Login page -->,<!-- Login page -->,<!-- Login page -->,<!-- Login page -->,<!-- Login page -->
login__username,"username
",Tên đăng nhập,யூசர்நேம்,usuario,उपयोगकर्ता का नाम,nama pengguna,اسم المستخدم,Nome de utilizador,Jina la mtumiaji,имя пользователя,identifiant,username,"ชื่อผู้ใช้งาน
",Username,युजरनेम,ইউজারনেম ,用户名,用戶名稱,"ឈ្មោះ​អ្នកប្រើប្រាស់
"
login__password,password,Mật khẩu,பாஸ்வர்ட்,contraseña,पासवर्ड,kata laluan,كلمة السر,Palavra-passe,Nenosiri,пароль,mot de passe,password,รหัสผ่าน,Password,पासवर्ड,পাসওয়ার্ড ,密码,密碼,ពាក្យសម្ងាត់
login,Login,Đăng nhập,உள்நுழைக,Ingreso,लॉग इन,Log masuk,الدخول,Entrar,Kuingia,логин,Se Connecter,Mag-login,เข้าสู่ระบบ,Login,लगिन,লগ ইন ,登录,登入,ចូល
provide_details,You need to provide both username and password!,Bạn cần cần điền tên người dùng và mật khẩu,நீங்கள் யூசர்நேம் மற்றும் பாஸ்வர்ட் இரண்டையும் வழங்க வேண்டும்!,Por favor proveer usuario y contraseña!,आपको उपयोगकर्ता नाम और पासवर्ड दोनों प्रदान करने की आवश्यकता है!,Anda perlu masukkan nama pengguna dan kata laluan!,توفرتحتاج إلى توفير اسم المستخدم و كلمة السر,Precisa de inserir o nome de utilizador e a palavra-passe!,Unahitaji kutoa jina la mtumiaji na nenosiri!,Вы должны предоставить имя пользователя и пароль,Vous devez fournir à la fois un identifiant et un mot de passe!,Kailangan mong ibigay ang parehong username at password!,คุณต้องใส่ทั้งชื่อผู้ใช้งานและรหัสผ่าน!,Anda perlu memberikan username dan password!,तपाईंले युजरनेम र पासवर्ड दुवै प्रदान गर्नुपर्छ !,আপনাকে ইউজারনেম এবং পাসওয়ার্ড উভয়ই সরবরাহ করতে হবে  ,你需要提供用户名和密码！,你需要提供用戶名稱和密碼！,អ្នកត្រូវផ្តល់ទាំងឈ្មោះអ្នកប្រើប្រាស់ និងពាក្យសម្ងាត់!
provide_terms,You must agree to the terms and conditions to continue,Bạn cần chấp nhận các điều khoản và điều kiện để tiếp tục,தொடர்வதற்கு நீங்கள் விதிமுறைகளையும் நிபந்தனைகளையும் ஏற்க வேண்டும்,"Debe estar de acuerdo con los Terminos de Uso, y Politicas de Privacidad para poder contenuar",आगे बढ़ने के लिए नियम और शर्तों से सहमत होना होगा,Anda mesti bersetuju dengan terma dan syarat untuk meneruskan,يجب الموافقة على البنود والشروط للمتابعة,Tem de concordar com os Termos e condições para continuar,"Ili kuendelea, lazima ukubaliane na sheria na masharti",Вы должны принять условия и положения для продолжения,>Vous devez accepter les regles et conditions pour continuer,Kailangan mong sumang-ayon sa mga tuntunin at kondisyon upang magpatuloy,คุณจำเป็นต้องยอมรับข้อตกลงและเงื่อนไขเพื่อดำเนินการต่อ,You must agree to the terms and conditions to continue,जारी गर्न तपाईंले नियम र शर्तहरु प्रदान गर्नैपर्छ,চালিয়ে যেতে হলে আপনাকে অবশ্যই শর্তাবলী মেনে নিতে হবে ,你必须同意条款及条件，才能继续进行,你必須同意條款及條件，才能繼續進行,អ្នកត្រូវយល់ព្រមនឹងលក្ខខណ្ឌដើម្បីបន្ត
attempting_login,Attempting login..,Đang đang nhập,உள்நுழைய முயற்சி…,Ingresando al programa..,लॉगइन का प्रयास चल रहा है,Cuba melog masuk…,جار محاولة تسجيل الدخول,A tentar entrar…,Kujaribu kuingia..,Попытка авторизации,Connexion en cours..,Sinusubukang mag-login…,กำลังเข้าสู่ระบบ..,Proses Untuk Masuk,लगिन प्रयत्न गर्दै...,লগ ইন প্রচেষ্টা ,正在登录...,正在登入...,ព្យាយាមចូល..
incorrect_details,Incorrect username and/or password!,Sai tên người dùng và/hoặc mật khẩu,தவறான யூசர்நேம் மற்றும் / அல்லது பாஸ்வர்ட்!,Nombre de usuario y/o contraseña incorrecta!,गलत उपयोगकर्ता नाम और / या पासवर्ड!,Nama pengguna dan/atau kata laluan salah!,اسم المستخدم وكلمه السر غير صحيحه,Nome de utilizador e/ou palavra-passe incorrectos!,Kusawazishwa kwa nenosiri si sahihi!,Неправильное имя пользователя и/или пароль,Nom d\'utilisateur et/ou mot de passe erroné!,Maling username at/o password!,"ชื่อผู้ใช้งาน และ/หรือ รหัสผ่านไม่ถูกต้อง!
",username dan/atau password salah!,गलत युजरनेम र/वा पासवर्ड !,ভুল ইউজারনেম এবং/অথবা ভুল পাসওয়ার্ড ,用户名和/或密码不正确！,用戶名稱和/或密碼不正確！,ឈ្មោះអ្នកប្រើប្រាស់ និង/ឬលេខសម្ងាត់មិនត្រឹមត្រូវ!
details_not_set,Username and/or password not set!,Tên người dùng và/hoặc mật khẩu chưa được thiết lập,யூசர்நேம் அல்லது பாஸ்வர்ட் அமைக்கப்படவில்லை!,Nombre de usuario y/o contraseña no establecida!,उपयोगकर्ता नाम और / या पासवर्ड सेट नहीं है!,Nama pengguna dan/atau kata laluan tidak ditetapkan!,اسم المستخدم وكلمه السر غير مضبوط,Nome de utilizador e/ou palavra-passe não registado!,Jinalamtumiaji na/au nenosiri halijapangwa,Имя пользователя и/или пароль не введены,Nom d\'utilisateur et/ou mot de passe manquant!,Hindi nai-set ang username at/o password!,"ชื่อผู้ใช้งาน และ/หรือ รหัสผ่าน ยังไม่สมบูรณ์
",Username dan/atau password tidak sesuai!,युजरनेम र/वा पासवर्ड सेट भएन !,ইউজারনেম এবং/অথবা পাসওয়ার্ড আগে থেকে সেট করা হয়নি ,尚未设置用户名及/或密码!,尚未設定用戶名稱及/或密碼!,មិនបានកំណត់ឈ្មោះអ្នកប្រើប្រាស់ និង/ឬពាក្យសម្ងាត់!
incorrect_pswd,Incorrect password,Sai mật khẩu,தவறான பாஸ்வர்ட்,Contraseña incorrecta,गलत पासवर्ड,Kata laluan salah,الرقم السري غير فعال,Palavra-passe incorrecta,Nenosiri sio sahih,Неправильный пароль,Mot de passe erroné,Maling password,รหัสผ่านไม่ถูกต้อง,Password salah,गलत पासवर्ड,ভুল পাসওয়ার্ড ,密码错误,密碼錯誤,ពាក្យសម្ងាត់មិនត្រឹមត្រូវ
unexpected_server_error,Unexpected server error!,Lỗi máy chủ,எதிர்பாராத சர்வர் பிழை!,Error inesperado del servidor!,सर्वर में दिक्कत,Ralat pelayan tidak dijangka berlaku!,خطأ غير متوقع في الخادم,Erro do servidor!,Kosa la seva lisilotarajiwa!,Неожиданная ошибка сервера,Erreur serveur inattendue!,Hindi inaasahang server error!,เซิร์ฟเวอร์ล้มเหลว!,Server error secara tidak terduga!,अप्रत्यासित सर्भर त्रुटी !,অপ্রত্যাশিতভাবে সার্ভারে কিছু ভুল হয়েছে ,服务器出现意外错误!,伺服器出現意外錯誤!,មានបញ្ហាស៊ើវើមិនបានរំពឹងទុក!
downloading_data_login,Downloading application data..,Dữ liệu ứng dụng đang được tải xuống ..,பயன்பாட்டுத் தரவைப் பதிவிறக்குகிறது,Descargando los datos de la aplicación…,एप्लीकेशन डाटा डाउनलोड हो रहा है..,Memuat turun data aplikasi…,تنزيل بيانات التطبيق,A transferir dados da aplicação…,Inapakua data ..,Загрузка данных приложения.,Téléchargement des données de l\'application ..,Nagda-download ng data ng application ..,กำลังโหลดข้อมูล..,Mengunduh data aplikasi,एप्लिकेसन डाटा डाउनलोड गर्दै...,এপ্লিকেশন ডাটা ডাউনলোড করা হচ্ছে ,下载应用程序数据...,下載應用程式數據...,កំពុងទាញយកទិន្នន័យកម្មវិធី..
<!-- API Configuration Page -->,<!-- API Configuration Page -->,<!-- API Configuration Page -->,<!-- API Configuration Page -->,<!-- API Configuration Page -->,<!-- API Configuration Page -->,<!-- API Configuration Page -->,<!-- API Configuration Page -->,<!-- API Configuration Page -->,<!-- API Configuration Page -->,<!-- API Configuration Page -->,<!-- API Configuration Page -->,<!-- API Configuration Page -->,<!-- API Configuration Page -->,<!-- API Configuration Page -->,<!-- API Configuration Page -->,<!-- API Configuration Page -->,<!-- API Configuration Page -->,<!-- API Configuration Page -->,<!-- API Configuration Page -->
cannot_proceed,Cannot proceed without API URL,Không thể tiếp tục nếu không có API URL,API URL இல்லாமல் தொடர முடியாது,No se puede continuar sin URL de la API.,ए पी आई यु आर एल बिना आगे नहीं बढ़ सकते,Tidak boleh teruskan tanpa URL API,API URLلايمكن المعالجة بدون,Não pode continuar sem API URL,Haiwezi kuendelea bila kiungo cha API,Не удается перейти без URL адреса приложения,Impossible de procéder sans l\\\'URL de l\\\'API.,Hindi makatuloy nang walang API URL,ไม่สามารถตำเนินการได้หากไม่มี API URL,Tidak bisa melanjutkan tanpa API URL,एपिआइ युआरएल बिना अगाडी बढ्न सक्दैन,API URL ছাড়া আর অগ্রসর হওয়া সম্ভব হচ্ছে না ,没有 API URL，无法继续操作,沒有 API URL，無法繼續運作,មិនអាចបន្តដោយគ្មាន URL API
provide_api_url,Kindly provide an API URL,Vui lòng cung cấp API URL,தயவுசெய்து ஒரு API URLஐ வழங்கவும்,"Por favor, proporcione una URL de la API.",प्लीज़ अपना ए पी आई यू आर एल दे,Sila masukkan URL API,لطفا زود API URL,"Por favor, forneça um API URL",Tafadhali peana kiungo cha API,Просьба предоставить URL,Veuillez fournir une URL API,Mangyaring magbigay ng API URL,กรุณาใส่ API URL,Mohon berikan API URL,कृपया एउटा एपिआइ युआरएल प्रदान गर्नुहोस्,দয়া করে একটি API URL সরবরাহ করুন ,请提供一个 API URL,請提供一個 API URL,សូមផ្តល់នូវ URL API មួយ
malformed_url,Malformed/Invalid API URL,API URL không đúng định dạng/không hợp lệ,தவறான வடிவம் / தவறான API URL,URL malformada / No válida de la API.,गलत ए पी आई यू आर एल,URL API salah/tidak sah,غير صحيح /غير صالحه API URL,API URL mal formado/inválido,Kiungo cha API ni halali/batili,Недопустимый/ Неверный URL,URL malformée. / Non valide de l\\\'API.,Wala sa ayos/Hindi balidong API URL,API URL ไม่สมบูรณ์/ไม่พบ API URL,API URL salah/tidak valid,विकृत/अवैध एपिआइ युआरएल,ত্রুটিপূর্ণ/অকার্যকর API URL,API 网址格式错误/无效,API 網址格式錯誤/無效,URL API មិនត្រឹមត្រូវ/មោឃៈ
api_configured,API URL configured!,Đã cấu hình API URL!,ஏபிஐ URL கட்டமைக்கப்பட்டது!,URL de la API configurada!,API URL सेट हो गया है,URL API dikonfigurasi!,API URLتكوين,API URL configurado!,Kiungo cha API kimesanidiwa,URL адрес настроен,URL de l\\\'API configurée!,Nai-configure na ang API URL!,ปรับแต่ง API URL เรียบร้อย!,API URL terkonfigurasi!,एपिआइ युआरएल कन्फिगर गरियो !,API URL কনফিগার করা হয়েছে,已配置 API URL！,已配置 API URL！,បានតំឡើង URL API!
invalid_api,"Invalid API URL!
",API URL không hợp lệ,தவறான API URL!,URL de la API no válida!,अमान्य ए पी आई यू आर एल,URL API tidak sah!,غير فعال API URL,API URL inválido!,Kiungo cha API ni halali/batili,Недопустимый URL,URL de l\\\'API non valide!,Hindi balidong API URL!,ไม่พบ API URL,API URL tidak valid!,अवैध अपिआइ युआरएल !,অকার্যকর API URL,API URL 无效！,API URL 無效！,URL API មិនត្រឹមត្រូវ!
<!-- Settings Icon -->,<!-- Settings Icon -->,<!-- Settings Icon -->,<!-- Settings Icon -->,<!-- Settings Icon -->,<!-- Settings Icon -->,<!-- Settings Icon -->,<!-- Settings Icon -->,<!-- Settings Icon -->,<!-- Settings Icon -->,<!-- Settings Icon -->,<!-- Settings Icon -->,<!-- Settings Icon -->,<!-- Settings Icon -->,<!-- Settings Icon -->,<!-- Settings Icon -->,<!-- Settings Icon -->,<!-- Settings Icon -->,<!-- Settings Icon -->,<!-- Settings Icon -->
overflow_settings,Settings,Cài đặt,அமைப்புகள் (செட்டிங்ஸ்),Configuración,सेटिंग्स,Settings,إعدادات,Definições,Mipangilio,Настройки,Paramètres,Mga Setting,การตั้งค่า,Pengaturan,सेटिङ,সেটিংস ,设置,設定,កន្លែងកំណត់
overflow_logout,Logout,Đăng xuất,வெளியேறு,Cerrar cesión,लॉगआउट,Log keluar,خروج,Sair,Kuondoka,Выход,Se déconnecter,Mag-logout,ออกจากระบบ,Log Out,लगआउट,লগ আউট ,退出,退出,ចាកចេញ
<!--GPS Page -->,<!--GPS Page -->,<!--GPS Page -->,<!--GPS Page -->,<!--GPS Page -->,<!--GPS Page -->,<!--GPS Page -->,<!--GPS Page -->,<!--GPS Page -->,<!--GPS Page -->,<!--GPS Page -->,<!--GPS Page -->,<!--GPS Page -->,<!--GPS Page -->,<!--GPS Page -->,<!--GPS Page -->,<!--GPS Page -->,<!--GPS Page -->,<!--GPS Page -->,<!--GPS Page -->
gps_settigs_off,GPS not activated,Chưa kích hoạt GPS,GPS செயல்படுத்தப்படவில்லை,GPS no activado,जीपीएस सक्रिय नहीं है,GPS tidak diaktifkan,GPS غير مفعل,GPS não activado,GPS haijaanzishwa,Геолокация не активирована,GPS inactif,Hindi naka-activate ang GPS,GPS ไม่ได้เปิดใช้งาน,GPS Tidak Aktif,जिपिएस सक्रिय छैन,জিপিএস কার্যকর করা হয়নি ,尚未启动 GPS,尚未啟動 GPS,GPSមិនបានដំណើរការទេ
<!-- Encryption -->,<!-- Encryption -->,<!-- Encryption -->,<!-- Encryption -->,<!-- Encryption -->,<!-- Encryption -->,<!-- Encryption -->,<!-- Encryption -->,<!-- Encryption -->,<!-- Encryption -->,<!-- Encryption -->,<!-- Encryption -->,<!-- Encryption -->,<!-- Encryption -->,<!-- Encryption -->,<!-- Encryption -->,<!-- Encryption -->,<!-- Encryption -->,<!-- Encryption -->,<!-- Encryption -->
encryption_title,Media Encryption,Mã hóa phương tiện,மீடியா குறியாக்கம்,Cifrar archivo,मीडिया एन्क्रिप्शन,Penyulitan Media,تشفير الوسائط,Encriptação de media,Mfungosiri wa Picha/Sauti/Video,Шифрование медиа,Cryptage des fichiers multimédias,Media Encryption,การเข้ารหัสมีเดีย,Media Enkripsi,मिडिया इन्क्रिपसन,মিডিয়া এনক্রিপশন ,媒体加密,媒體加密,បំលែងទិន្នន័យសម្ងាត់មេឌៀ
encryption_failed,"Failed, will retry!","Không thành công, vui lòng thử lại!","தோல்வி, மீண்டும் முயற்சிக்கும்!","Error, intentando de nuevo!","असफल, पुनः प्रयास होगा","Gagal, akan mencuba lagi!",فشل ، ستتم أعاده المحاوله,"Falhou, vamos tentar de novo!","Imeshindwa, itajaribu tena!",Ошибка! Повторите попытку!,"Echec, nouvelle tentative!","Nabigo, susubukang muli!",ล้มเหลว ลองอีกครั้ง!,"Gagal, akan diulang lagi","असफल भयो, पुनः कोशिश गरिनेछ !","ব্যর্থ, পুনরায় চেষ্টা করা হবে!","失败, 重试!","失敗, 重試!",បរាជ័យ នឹងព្យាយាមម្តងទៀត!
<!-- Sync -->,<!-- Sync -->,<!-- Sync -->,<!-- Sync -->,<!-- Sync -->,<!-- Sync -->,<!-- Sync -->,<!-- Sync -->,<!-- Sync -->,<!-- Sync -->,<!-- Sync -->,<!-- Sync -->,<!-- Sync -->,<!-- Sync -->,<!-- Sync -->,<!-- Sync -->,<!-- Sync -->,<!-- Sync -->,<!-- Sync -->,<!-- Sync -->
save_unsaved_changes_alert,Save your changes?  ,Lưu thay đổi? (Có/Không),உங்கள் மாற்றங்களைச் சேமிக்கவா? (ஆம்/ இல்லை),Guardar cambios,आपके द्वारा किये गए बदलाव लो सेव करें? (जी/नहीं),Simpan perubahan anda?,حفظ التغييرات الخاصة بك؟ (نعم لا),Guardar as alterações? (Sim/Não),Hifadhi mabadiliko yako?,Сохранить изменения?,Enregistrer vos modifications?,I-save ang iyong mga pagbabago?,บันทึกการเปลี่ยนแปลง?  ,Simpan perubahan data anda?,तपाईंको परिवर्तनहरु सेभ गर्ने ?,পরিবর্তন গুলো সেভ করবেন? ,保存更改？,保存變更？,រក្សាទុកការផ្លាស់ប្តូររបស់អ្នក?
sync,Sync to Server,Đồng bộ với máy chủ,சேவையகத்துடன் ஒத்திசை,Sincronizar con el servidor,सर्वर से जुडें,Selaras ke Pelayan,المزامنة إلى الخادم,Sincronizar com o Servidor,Sawazisha na Seva,Синхронизировать с сервером,Synchroniser,I-sync sa Server,ถ่ายโอนไปยังเซิร์ฟเวอร์,Sinkoronisasikan dengan Server,सर्भरसँग सिंक गर्नुहोस्,সার্ভারে সিনক্রোনাইজেশন করুন ,同步到服务器,同步到伺務器,ធ្វើសមកាលកម្មទៅម៉ាស៊ីនស៊ើវើ
syncing_initializing,Initializing..,Đang khởi tạo..,துவக்குகிறது ..,Inicializando..,शुरु हो रहा है ..,Memulakan…,جار تهيئه...,A inicializar…,Inaanzisha…,Инициализация,Initialisation..,Sinisimulan…,ดำเนินการ..,Inisialisasi,सुरुवात गर्दै...,শুরু করা হচ্ছে… ,正在初始化…,正在初始化…,កំពុងចាប់ផ្តើម..
sync_storage,Insufficiient storage: %1$s Reports storage size: %2$s,Dung lượng lưu trữ khả dụng: %1 $s Kích thước lưu trữ báo cáo: %2 $s,கிடைக்கும் சேமிப்பிடம்: % 1 $ s அறிக்கைகள் சேமிப்பு அளவு:% 2 $ s,Almacenamiento disponible: %1$s Almacenamiento ocupado por reportes: %2$s,उपलब्ध स्टोरेज: %1$s रिपोर्ट स्टोरेज साइज़: %2$s,Baki storan: %1$s Saiz storan laporan: %2$s,السعة التخزينية المتاحة:٪1$s حجم تقارير التخزين:٪2$s,Armazenamento disponível: %1$s Espaço de armazenamento dos eventos: %2$s,Hifadhi inayopatikana: %1$s Hifadhi ya reporti inayopatikana: %2$s,Доступное хранилище: %1$s Размер хранилища отчетов: %2$s,Stockage disponible: %1$s  Taille de stockage des rapports: %2$s,Magagamit na imbakan:% 1 $ s Laki ng imbakan ng ulat:% 2 $ s,พื้นที่จัดเก็บคงเหลือ: %1$s พื้นที่จัดเก็บรายงานขนาด: %2$s,Kapasitas penyimpanan tersedia: %1$s Ukuran penyimpanan laporan: %2$s,उपलब्ध स्टोरेज: %1$s रिपोर्टहरु स्टोरेज आकार: %2$s,"ব্যবহারযোগ্য স্টোরেজঃ %1$s রিপোর্ট, স্টোরেজ এর সাইজঃ $2$s ",可用存储空间：％1$s  报告存储空间：％2$s,可用存儲空間：％1$s  報告存儲空間：％2$s,ទំហំផ្ទុកដែលមាន៖ របាយការណ៍ %1$s ទំហំផ្ទុក៖ %2$s
syncing_uploading,Uploading media ,Tải lên phương tiện,ஊடகத்தை பதிவேற்றுகிறது,Cargando archivo multimedia ,मीडिया अपलोड हो रहा है,Memuat naik media,تحميل الوسائط,A carregar media,Inapakia picha/sauti/video,Загрузка медиа,Téléchargement du fichier,Ina-upload ang media,ทำการอัปโหลดมีเดีย,Upload Media,मिडिया अपलोड गर्दै,মিডিয়া আপলোড করা হচ্ছে ,上传媒体,上載媒體,ដាក់មេឌៀទៅប្រព័ន្ធ
syncing_of,of,của,உடைய,de,का,drpd,من,de,ya,из,de,ng,จาก,of,को,এর,/,/,នៃ
syncing_warning,Warning!,Cảnh báo!,எச்சரிக்கை!,Advertencia!,चेतावनी!,Amaran!,تحذير !,Aviso!,Onyo!,Предупреждение!,Attention!,Babala!,คำเตือน!,Peringatan,चेतावनी !,সতর্কবাণী! ,警告！,警告！,ការព្រមាន!
syncing_success,Success,Thành công,வெற்றி,¡Éxito!,सफल!,Berjaya,نجاح,Sucesso,Kufaulu,Успешное завершение,Réussi,Tagumpay,สำเร็จ,Sukses,सफल,সফলতা ,成功,成功,ជោគជ័យ
syncing_fail,Sync was not successful!,Đồng bộ không thành công,ஒத்திசைவு வெற்றிகரமாக இல்லை!,La sincronización no fue exitosa!,सिंक सफल नहीं था,Penyelarasan tidak berjaya!,لم تكن المزامنة ناجحة!,Sincronização falhada!,Kusawazisha  hakujafaulu,Синхронизация не завершена,Echec de synchronisation!,Hindi nagtagumpay ang pag-sync!,การถ่ายโอนข้อมูลไม่สำเร็จ,Sinkronisasi tidak berhasil!,सिंक सफल थिएन !,সিনক্রোনাইজেশন করা সফল হয়নি ,同步失败！,同步失敗！,ធ្វើសមកាលកម្មមិនជោគជ័យទេ!
syncing_ok,Sync was successful!,Đồng bộ thành công,ஒத்திசைவு வெற்றிகரமாக இருந்தது!,¡Sincronización exitosa!,सिंक सफल रहा!,Penyelarasan telah berjaya!,المزامنه كانت ناجحه,Sincronização concluída!,Kusawazisha kumefaulu!,Синхронизация успешно завершена,Synchronisation réussie!,Matagumpay ang pag-sync!,การถ่ายโอนข้อมูลสำเร็จ,Sinkronisasi Sukses,सिंक सफल थियो !,সিনক্রোনাইজেশন করা সফল হয়েছে,同步成功！,同步成功！,ធ្វើសមកាលកម្មបានជោគជ័យ!
syncing_report_of,Syncing Report,Báo cáo đồng bọ,அறிக்கை ஒத்திசைக்கிறது,Sincronizando reporte,सिंकिंग रिपोर्ट,Laporan Penyelarasan,مزامنة التقرير,Sincronizar evento,Inasawazisha ripoti,Отчет о синхронизации<,Synchronisation du rapport,Sini-sync ang Report,รายงานการถ่ายโอนข้อมูล,Sinkronisasi dari,रिपोर्ट सिंक गर्दै,রিপোর্ট সিনক্রোনাইজেশন করা হচ্ছে ,正在同步报告,正在同步報告,ធ្វើសមកាលកម្មរបាយការណ៍
syncing_started,Started..,Đang chạy…,தொடங்கியது..,Iniciado..,शुरू,Bermula…,بدأت,Iniciado…,Imeanza,Начало,Démarré..,Nagsimula na…,เริ่มต้น..,Memulai,सुरु भयो..,শুরু হল ...,已开始…,已開始…,ចាប់ផ្តើម..
token_expired,Token expired!,Mã thông báo hết hạn!,டோக்கன் காலாவதியானது!,Token muerto!,टोकन समाप्त हो गया!,Token telah luput!,انتهت صلاحيه الرمز المميز,Token expirado!,Tokeni imeisha!,Токен истек,Token expiré!,Nag-expire na ang token!,เหรียญหมดอายุแล้ว!,Token kadaluarsa!,टोकनको म्याद समाप्त भयो !,টোকেনের মেয়াদ শেষ হয়ে গেছে!,令牌过期!,權杖過期!,ថូខឹនផុតកំណត់!
syncing_login_again,Log in with internet and try again!,Đăng nhập bằng Internet và thử lại!,இணையத்துடன் உள்நுழைந்து மீண்டும் முயற்சிக்கவும்!,Inicie sesión en Internet y vuelva a intentarlo!,इन्टरनेट कनेक्शन के साथ दोबारा लॉग इन करें,Log masuk dengan sambungan internet dan cuba lagi!,تسجيل الدخول مع الانترنت وحاول مره اخرى,Aceda com internet e tente de novo!,Ingia kutumia mtandao kisha jaribu tena!,Подключите интернет и попробуйте заново!,Connectez-vous à Internet et essayez de nouveau!,Mag-log in nang may internet at subukang muli!,เข้าสู่ระบบด้วยอินเตอร์เน็ต และลองอีกครั้ง!,Log in dengan akses internet dan coba lagi!,इन्टरनेटले लगिन गर्नुहोस् र पुनः कोशिश गर्नुहोस् !,ইন্টারনেট সংযোগ সহ লগ ইন করুন এবং পুনরায় চেষ্টা করুন! ,使用互联网登录，然后重试！,使用互聯網登入，然後重試！,ចូលដោយប្រើអ៊ីនធឺណិត ហើយព្យាយាមម្តងទៀត!
syncing_invalid_token,Cannot sync with invalid token!,Không thể đồng bộ với mã thông báo không hợp lệ!,தவறான டோக்கன் உடன் ஒத்திசைக்க முடியாது!,No se puede sincronizar con un token no válido!,अमान्य टोकन के साथ सिंक नहीं कर सकता!,Tidak dapat menyelaras dengan token tidak sah!,لايمكن مزامنه مع رمز غير صالح,Não é possível sincronizar com um token inválido!,Haiwezi kusawazisha na tokeni isiyo halali!,Не удается синхронизировать с недействительным токеном!,Impossible de synchroniser avec un token non valide!,Hindi mai-sync dahil sa hindi balidong token!,ไม่สามารถถ่ายโอนข้อมูลด้วยเหรียญที่ไม่สมบูรณ์ได้,Tidak bisa sinkronisasi dengan token yang tidak valid!,अवैध टोकनले सिंक गर्न सकिदैन !,অকার্যকর টোকেন দিয়ে সিনক্রোনাইজেশন করা সম্ভব হচ্ছে না! ,无法与无效令牌同步！,無法與無效權杖同步！,មិនអាចធ្វើសមកាលកម្មជាមួយថូខឹនដែលគ្មានសុពលភាព!
syncing_running,Sync is already running!,Đang đồng bộ hóa!,ஒத்திசைவு ஏற்கனவே இயங்குகிறது,La sincronización ya está en proceso!,सिंक प्रोसेस पहले से चल रही है!,Penyelarasan sedang berjalan!,المزامنة تسير بالفعل!,A sincronização já está em execução!,Kusawazisha kunaendelea!,Синхронизация уже запущена!,La synchronisation est déjà en cours!,Patuloy pa rin sa pag-sync!,กำลังถ่ายโอนข้อมูล!,Sinkronisasi sedang dijalankan,सिंक भैरहेको छ !,সিনক্রোনাইজেশন করা ইতিমধ্যে শুরু হয়ে গিয়েছে!,同步正在运作！,同步正在運作！,ការធ្វើសមកាលកម្មបានដំណើរការរួចហើយ!
syncing_export_running,Sync/Export is already running!,Đồng bộ hóa / Xuất đã chạy!,ஒத்திசைவு / ஏற்றுமதி ஏற்கனவே இயங்குகிறது!,Sync / Export ya se está ejecutando!,सिंक / निर्यात पहले से चल रहा है!,Segerak / Eksport sudah berjalan!,المزامنة / التصدير قيد التشغيل بالفعل!,Sincronização/exportação em execução!,Sambamba / Export tayari inaendelea!,Синхронизация / Экспорт уже запущен!,Sync / Export est déjà en cours!,Ang pag-sync / Pag-export ay tumatakbo na!,การถ่ายโอน/การส่งออก กำลังดำเนินการ!,Sinkronisasi/ekspor sedang dijalankan!,सिंक/एक्सपोर्ट पहिलेनै चलिरहेको छ !,সিনক্রোনাইজেশন/এক্সপোর্ট ইতিমধ্যে চালু রয়েছে! ,同步/导出已在运作！,同步/匯出已在運作！,ធ្វើសមកាលកម្ម/នាំចេញ កំពុងដំណើការ
nothing_selected_sync,Select reports/grievances to sync!,Chọn báo cáo / khiếu nại để đồng bộ hóa!,ஒத்திசைக்க புகார்கள்/குறைகளைத் தேர்ந்தெடுக!,Seleccionar reportes/reclamos para sincronizar,विन्यास हेतु रिपोर्ट / शिकायत चुनें,Pilih laporan / keluhan untuk disegerakkan!,حدد التقارير / المظالم للمزامنة!,Selecione relatórios / queixas para sincronizar!,Chagua ripoti / malalamiko ya kusawazisha!,Выберите отчеты / обиды для синхронизации!,Sélectionnez les rapports / griefs à synchroniser!,Piliin ang mga ulat / karaingan upang mai-sync!,เลือกการรายงาน/คำร้องในการถ่ายโอน!,Pilih laporan/keluhan untuk disinkronisasi!,सिंक गर्ने रिपोर्टहरु/गुनासोहरु रोज्नुहोस् !,সিনক্রোনাইজেশন করার জন্য রিপোর্ট/অভিযোগ নির্বাচন করুন!,选择要同步的报告/申诉！,選擇要同步的報告/申訴！,ជ្រើសរើសរបាយការណ៍/បណ្តឹងសារទុក្ខដើម្បីធ្វើសមកាលកម្ម!
<!-- Zip -->,<!-- Zip -->,<!-- Zip -->,<!-- Zip -->,<!-- Zip -->,<!-- Zip -->,<!-- Zip -->,<!-- Zip -->,<!-- Zip -->,<!-- Zip -->,<!-- Zip -->,<!-- Zip -->,<!-- Zip -->,<!-- Zip -->,<!-- Zip -->,<!-- Zip -->,<!-- Zip -->,<!-- Zip -->,<!-- Zip -->,<!-- Zip -->
zip_initializing,Initializing..,Đang khởi tạo..,துவக்குகிறது ..,Inicializando..,शुरु हो रहा है ..,Memulakan….,جار تهيئه...,A inicializar…,Inaanzisha…,Инициализация,Initialisation..,Sinisimulan…,ดำเนินการ..,Inisialisasi,आरम्भ गर्दै...,শুরু হচ্ছে ...,正在初始化…,正在初始化…,កំពុងចាប់ផ្តើម...
export,Export to SD,Xuất dữ liệu vào thẻ SD,SD க்கு ஏற்றுமதி செய்யுங்கள்,Exportar al SD,एसडी कार्ड में एक्सपोर्ट करें,Eksport ke SD,SDتصدير الى,Exportar para SD,Tuma kwa kadi sakima,Экспорт в карту памяти,Enregistrer sur SD,Ilipat sa SD,ส่งออกไปยังการ์ด SD,Kirim Ke SD,एसडीमा एक्पोर्ट,এসডি কার্ডে এক্সপোর্ট করুন ,导出到 SD 卡,匯出到 SD 卡,ចេញជា SD
export_adding,Adding media,Thêm phương tiện,ஊடகத்தை சேர்ப்பது,La adicion de medios,मीडिया को जोड़ रहा है,Menambah media,إضافة وسائل الإعلام,A adicionar media,Kuongeza picha/sauti/video,Добавление медиа,Ajout de medias,Nagdadagdag ng media,เพิ่มมีเดีย,Tambah media,मिडिया थप्दै,মিডিয়া সংযুক্ত করা হচ্ছে ,添加媒体,新增媒體,ការបន្ថែមមេឌៀ
export_ok,Exported successfully,Xuất dữ liệu thành công,வெற்றிகரமாக ஏற்றுமதி செய்யப்பட்டது,¡Exportación exitosa!,एक्सपोर्ट सफल,Berjaya dieskport,تم تصديرها بنجاح,Exportado com sucesso,Kutuma kumefaulu!,Экспорт успешно завершен,Enregistrement terminé!,Matagumpay na nailipat,ส่งออกเสร็จสมบูรณ์,Kirim Lengkap,सफलतापूर्वक एक्सपोर्ट गरियो,সফলভাবে এক্সপোর্ট করা হয়েছে,成功导出,成功匯出,បំលែងចេញដោយជោគជ័យ
attaching_xml,Attaching reports XML file..,Đính kèm báo cáo file XML,எக்ஸ்எம்எல் கோப்பினை இணைக்கிறது ..,Adjuntando archivo XML del reporte,एक्सएमएल फाइल अटैच हो रही है,Melampirkan laporan dalam fail XML…,إرفاق تقارير ملف XML,A anexar ficheiro XML dos eventos…,Inaambatisha ripoti za faili za XML,Прикрепление отчетов XML-файла ..,Attachement du rapport XML..,Ina-attach ang XML file ng mga report…,แนบการรายงานด้วยไฟล์ XML..,Attach Laporan File XML,रिपोर्टहरु एक्सएमएल फाइल संलग्न गर्दै.. ,রিপোর্টের XML ফাইল সংযুক্ত করা হচ্ছে,附加报告 XML 文件…,附加報告 XML 文件…,ភ្ជាប់របាយការណ៍ជាទម្រង់ XML ។
export_count,Exporting Report %1$d of %2$d,Xuất báo cáo%1$d của %2$d,அறிக்கை ஏற்றுமதி %1$d of %2$d,Exportar informe %1$d de %2$d,% 2 $ d की रिपोर्ट% 1 $ d निर्यात करना,Mengeksport Laporan %1$d drpd %2$d,تصدير التقرير٪1$d من٪2$d,Exportar evento %1$d de %2$d,Ripoti ya Kuagiza %1$d ya %2$d,Экспорт отчета%1$d из %2$d,Exportation du rapport %1$d de %2$d,Ine-export ang ulat %1$d ng %2$d,ส่งออกรายงาน %1$d จาก %2$d,Mengekspor Laporan %1$d of %2$d,रिपोर्ट एक्सपोर्ट गर्दै %1$d of %2$d,"রিপোর্ট এক্সপোর্ট করা হচ্ছে, %2$d এর %1$d ",导出报告 %2$d 的 %1$d,匯出報告 %2$d 的 %1$d,របាយការណ៍បំលែងចេញ %1$d នៃ %2$d
export_running,Export is already running!,Xuất đã chạy!,தரவு ஏற்றுமதி ஏற்கனவே இயங்குகிறது!,¡La exportación ya está en proceso!,निर्यात प्रगति पर है,Eksport sudah berjalan!,التصدير قيد التشغيل بالفعل!,A exportação já está em execução!,kutuma kwa kadi sakima tayari kunaendelea!,Экспорт уже запущен!,L'exportation est déjà en cours!,Ang pag-export ay tumatakbo na!,การส่งออกกำลังดำเนินการ!,Ekspor sedang dijalankan,एक्सपोर्ट पहिलेनै भैरहेको छ !,এক্সপোর্ট ইতিমধ্যে চালু রয়েছে! ,导出已在运作！,匯出已在運作！,ការនាំចេញកំពុងដំណើការ!
nothing_selected_export,Select reports/grievances to export!,Chọn báo cáo / khiếu nại để xuất!,தரவை ஏற்றுமதி செய்ய புகார்கள்/குறைகளைத் தேர்ந்தெடுக!,Seleccionar reportes/reclamos para exportar,निर्यात हेतु रिपोर्ट / शिकायत चुनें,Pilih laporan / rungutan untuk dieksport!,حدد التقارير / المظالم للتصدير!,Selecione relatórios / queixas para exportar!,Chagua ripoti / malalamiko ya kutuma kwa kadi sakima,Выберите отчеты / жалобы для экспорта!,Sélectionnez les rapports / griefs à exporter!,Piliin ang mga ulat / karaingan upang ma-export!,เลือกการรายงาน/คำร้องในการส่งออก!,Pilih laporan/keluhan untuk diekspor!,एक्सपोर्ट गर्ने रिपोर्टहरु/गुनासोहरु रोज्नुहोस् !,এক্সপোর্ট করার জন্য রিপোর্ট/অভিযোগ নির্বাচন করুন!,选择要导出的报告/申诉！,選擇要匯出的報告/申訴！,ជ្រើសរើសរបាយការណ៍/បណ្តឹងសារទុក្ខដើម្បីនាំចេញ!
<!-- Home page -->,<!-- Home page -->,<!-- Home page -->,<!-- Home page -->,<!-- Home page -->,<!-- Home page -->,<!-- Home page -->,<!-- Home page -->,<!-- Home page -->,<!-- Home page -->,<!-- Home page -->,<!-- Home page -->,<!-- Home page -->,<!-- Home page -->,<!-- Home page -->,<!-- Home page -->,<!-- Home page -->,<!-- Home page -->,<!-- Home page -->,<!-- Home page -->
add,Add Report,Thêm báo cáo,புகாரைச் சேர்க்கவும்,Añadir reporte,रिपोर्ट जोड़ें,Tambah Laporan,إضافة تقرير,Adicionar evento,Ongeza Ripoti,Добавить отчет<,Ajouter un rapport,Magdagdag ng Report,เพิ่มการรายงาน,Masukan Laporan,रिपोर्ट थप्नुहोस्,রিপোর্ট যুক্ত করুন ,添加报告,新增報告,បន្ថែមរបាយការណ៍
add_grievance_on,Add,Thêm,சேர்,Añadir ,जोड़ना,Tambah,إضافة,Adicionar,Ongeza ,добавлять,Ajouter,Magdagdag,เพิ่ม,Masukan,थप्नुहोस्,যোগ করুন ,添加,新增,បន្ថែម
view,View Reports,Xem báo cáo,அறிக்கைகள் காண்க,Ver reportes,रिपोर्ट देखें,Tambah Laporan,عرض التقارير,Ver eventos,Tazama Ripoti,Просмотр отчетов,Visualiser les rapports,Tingnan ang Mga Report,ดูการรายงาน,Lihat Laporan,रिपोर्टहरु हेर्नुहोस्,রিপোর্টসমূহ দেখুন ,查看报告,查看報告,មើលរបាយការណ៍
view_grievance_on,View ,Xem,காண்க,Ver ,देखना,Tambah,رأي,Ver,Tazama,Посмотреть,Vue,Tingnan,ดู,Lihat,हेर्नुहोस्,প্রদর্শন করুন ,查看,查看,មើល
help,Lessons,Bài học,பாடங்கள்,Lecciones,पाठ,Tutorial,دروس,Lições,Masomo,Уроки,Cours,Mga Aral,วิดีโอสาธิตการใช้งาน,Bantuan,पाठहरु,পাঠসমূহ ,视频课程,視頻課程,មេរៀន
sync_label,Upload to Dashboard,Tải lên Dashboard,டாஷ்போர்டில் பதிவேற்றுக,Subir al panel,डैशबोर्ड पर अपलोड करें,Muat naik ke Papan Pemuka,تحميل إلى لوحة المعلومات,Enviar para o painel de controlo,Pakia kwa Dashibodi,Загрузить на панель инструментов,Ajouter au tableau debord,I-upload sa Dashboard,อัปโหลดไปยังหน้ากระดาน,Unggah ke Dashboard,ड्यासबोर्डमा अपलोड गर्नुहोस्,ড্যাশবোর্ডে আপলোড করুন ,上传到信息主页,上載到資訊主頁,បញ្ជូនឡើងទៅផ្ទាំងគ្រប់គ្រង
initiate_downloading_lessons,No lessons found! Downloading..,Không tìm thấybài học! Đang tải..,பாடங்களைக் கண்டுபிடிக்க முடியவில்லை! பதிவிறக்குகிறது ..,No se encontraron lecciones. Descargando lecciones..,गाइड डाउनलोड हो रहें हैं,Tiada tutorial ditemui! Memuat turun…,لايوجد دروس .تحميل دروس,Não foram encontradas lições. A transferir…,Hakuna mafunzo yaliyopatikana. Inapakua mafunzo..,Уроки не найдены! Загрузка,Aucun cours trouvé. Téléchargement des cours..,Walang nakitang aral! Dina-download…,ไม่พบวิดีโอสาธิตการใช้งาน! กำลังดาวน์โหลด,"Tidak ada Materi ditemukan, Download Materi",कुनै पाठहरु भेटिएन ! डाउनलोड गर्दै...,কোন পাঠ পাওয়া যায়নি! ডাউনলোড করা হচ্ছে …,找不到视频课程！ 正在下载…,找不到視頻課程！ 正在下載…,រកមិនឃើញមេរៀនទេ! កំពុងទាញយក..
internet_conection_needed,An Internet connection is needed to download lessons. Switch on WIFI or Mobile Data..,Cần kết nối Internet để tải bài học. Vui lòng kết nối WiFi hoặc sử dụng dữ liệu di động,பாடங்கள் பதிவிறக்கம் ஒரு இணைய இணைப்பு தேவை. WIFI அல்லது மொபைல் தரவை மாற்றுக ..,Una conexión a la internet es necesaria para descargar lecciones. Active WIFI o Datos Móviles..,सिंक करने के लिए डेटा या वाई फाई की ज़रूरत है. आगे बढे?,Sambungan Internet diperlukan untuk memuat turun tutorial. Hidupkan WIFI atau Data Selular.,هناك حاجة إلى اتصال بالإنترنت لتحميل الدروس. تشغيل WIFI أو بيانات الجوال ..,É necessário ligação à internet para transferir lições. Ligue o WiFi ou os dados móveis.,Muunganiko wa mtandao unahitajika ili kupakua mafunzo. Fungulia datahuru au datarununu.,Необходимо интернет подключение для загрузки уроков. Включите Wi-Fi или мобильные данные,Vous devez être connecté pour pouvoir télécharger les cours. Activer votre WIFI ou les données mobiles,Kailangan ng koneksyon sa internet upang mag-download ng mga aral. Lumipat sa WIFI o Mobile Data…,การเชื่อมต่ออินเตอร์เน็ตจำเป็นสำหรับการดาวน์โหลดวิดีโอสาธิตการใช้งาน เปิดใช้งาน WIFI หรืออินเตอร์เน็ตมือถือ,Koneksi Internet dibutuhkan untuk download materi. Aktifkan Wifi atau Mobile Data Anda,पाठहरु डाउनलोड गर्न एउटा इन्टरनेट कनेक्सन आवश्यक हुन्छ l वाइफाई वा मोबाइल डाटा स्विच अन गर्नुहोस्..,পাঠসমূহ ডাউনলোড করতে একটি ইন্টারনেট সংযোগ প্রয়োজন। ওয়াই-ফাই বা মোবাইল ডাটা চালু করুন। ,下载课程需要网络连接。请打开 WIFI 或移动数据。,下載課程需要網路連接。請開啟 WIFI 或移動數據。,ការភ្ជាប់ទៅអ៊ីធឺណិតគឺចាំបាច់ដើម្បីទាញយកមេរៀន។ បើកវ៉ាយហ្វាយ ឬទិន្នន័យចល័ត..
no_internet_conection,You have no Internet connection!,Bạn không có kết nối Internet!,உங்களுக்கு இணைய இணைப்பு இல்லை!,Usted no tiene conexión a la internet!,इंटरनेट कनेक्शन नहीं है!,Anda tiada sambungan internet!,لايوجد اتصال مع الانترنت,Não tem acesso à internet!,Hauna muunganiko wa mtandao!,У вас нет подключение к интернету,Vous n\'êtes pas connecté à internet!,Wala kang internet connection!,คุณไม่ได้ทำการเชื่อมต่ออินเตอร์เน็ต,Anda tidak memiliki Koneksi Internet,तपाईंसँग इन्टरनेट कनेक्सन छैन !,আপনার ইন্টারনেট সংযোগ করা নেই  ,没有互联网连接！,沒有互聯網連接！,អ្នកមិនមានតំណភ្ជាប់អ៊ីនធឺណិតទេ!
err_storage_not_ready,The external storage (SDCard) does not appear to be available for reading and writing at this time. TIMBY requires access to this for lesson and story project data.Please check your device and restart the App.,Bộ nhớ ngoài (SD Card) không thể sử dụng để đọc và viết lúc này. TIMBY yêu cầu quyền truy cập vào Bộ nhớ này để truy cập vào dữ liệu bài học và câu chuyện của dự án. Vui lòng kiểm tra thiết bị của bạn và khởi động lại ứng dụng.,வெளிப்புற சேமிப்பகம் (SDCard) இந்த நேரத்தில் படிக்க மற்றும் எழுதுவதற்கு கிடைக்கவில்லை. படிப்பிற்கும் கதை திட்டத்திற்கும் TIMBY க்கு அணுகல் தேவைப்படுகிறது.உங்கள் சாதனத்தை சரிபார்க்கவும் மற்றும் பயன்பாட்டை மறுதொடக்கம் செய்யவும்.,La memoria externa (Tarjeta SD) no se encuentra disponible. TIMBY requiere acceso a ella para acceder a datos de leccion e historia de project. Por favor revise el dispositivo y reinicie la Aplicación.,SD कार्ड नहीं डला हुआ है या रीड नहीं हो रहा है. फिर से डालकर एप्प खोलें,Storan luar (Kad SD) nampaknya tidak tersedia untuk dibaca dan ditulis buat masa ini. TIMBY memerlukan akses kepada kad ini untuk menyimpan tutorial dan data projek cerita. Sila semak peranti anda dan mulakan semula Aplikasi.,لا يبدو أن وحدة التخزين الخارجية (SDCard) متاحة للقراءة والكتابة في الوقت الحالي. TIMBY يتطلب الوصول إلى هذا للدرس وبيانات مشروع القصة. يرجى التحقق من جهازك وإعادة تشغيل App,"O armazenamento externo (cartão SD) parece não estar disponível para ler e guardar. O TIMBY precisa de ter acesso a isto para a lição e os dados do projecto da matéria. Por favor, verifique o seu dispositivo e reinicie a aplicação.",Hifadhi ya nje (KadiSakima) yaelekea hakupatikani kusoma wala kuandika kwa sasa. TIMBY inahitaji kuifikia kwa fundisho hili na taarifa za mradi. Tafadhali angalia simu yako na uanzishe tena hiyo Apu.,"Внешняя память в настоящее время не доступно для чтения и записи. TIMBY требует доступ к внешней памяти для отображения уроков и истории. Пожалуйста, проверьте свое устройство и перезапустите приложение",>Le stockage externe (carte SD) ne semble pas disponible à la lecture ni à l\'écriture. TIMBY a besoin de ces accès pour les cours et les données des projets d\'histoire. Veuilez vérifier votre appareil et redémarrer l\'application ,Mukhang hindi available ang external storage (SDCard) para sa pagbabasa at pagsusulat sa sandaling ito. Nangangailangan ang TIMBY ng access dito para sa data ng aral at proyektong istorya. Pakitsek ng iyong device at i-restart ang App.,พื้นที่จัดเก็บบนการ์ด SD ไม่เพียงพอสำหรับการอ่านและเขียนข้อมูลครั้งนี้ TIMBY จำเป็นต้องเข้าถึงพื้นที่นี้เพื่อวิดีโอสาธิตการใช้งานและข้อมูลโปรเจค โปรดเช็คอุปกรณ์ของคุณและทำการรีสตาร์ทแอปพลิเคชัน,Memory Card Anda saat ini tidak dapat membaca dan menulis dari. TIMBY Membutuhkan Akses untuk dapat menyimpan materi dan data Project anda. Check Perangkat anda dan Restart App,एक्सटरनल स्टोरेज (एसडी कार्ड) यो समयमा रिडिंग र राइटिंगको लागि उपलब्ध भएको देखिँदैनन् l टिम्बीलाई पाठ र स्टोरी प्रोजेक्ट डाटाको लागि पहुँच आवश्यक हुन्छ l कृपया तपाईंको उपकरण जाँच्नुहोस् र एप पुनःसुचारु गर्नुहोस् l,এই মুহূর্তে রিডিং এবং রাইটিং এর জন্য এসডি কার্ডটি দেখতে পাওয়া যাচ্ছেনা। TIMBY তে পাঠসমূহ এবং গল্পের প্রজেক্টের জন্য এসডি কার্ড প্রয়োজন। দয়া করে আপনার ডিভাইসটি পুনরায় চেক করুন এবং অ্যাপটি পুনরায় চালু করুন(রিস্টার্ট করুন)।    ,"外部存储（SD 卡）目前似乎无法读取和写入。 TIMBY 要求访问些信息，以获取课程和故事项目数据。请检查你的设备, 重新启动应用程序。","外部存儲（SD 卡）目前似乎無法讀取和寫入。 TIMBY 要求存此資訊，以獲取課程和故事項目數據。請檢查你的設備, 重新啟動應用程式。",អង្គផ្ទុកទិន្នន័យខាងក្រៅ (SDCard) មិនមានសម្រាប់អាននិងកត់ត្រានៅពេលនេះទេ។ TIMBYត្រូវការសិទ្ធិចូលប្រើសម្រាប់មេរៀននិងទិន្ន័យគម្រោងរឿង។ សូមពិនិត្យមើលឧបករណ៍របស់អ្នក ហើយចាប់ផ្តើមបើកកម្មវិធីជាថ្មី។
enter_password,Enter password,Nhập mật khẩu,,Ingrese su contraseña,पास वर्ड दर्ज करें,Masukkan kata laluan,ادخل الرمز السري,Insira a palavra-passe,Ingiza nenosiri,Введите пароль,Entrer un mot de passe,Ilagay ang password,ใส่รหัสผ่าน,Masukan Password,पासवर्ड हाल्नुहोस्,পাসওয়ার্ড প্রবেশ করান ,输入密码,輸入密碼,បញ្ចូលពាក្យសម្ងាត់
<!-- Settings page -->,<!-- Settings page -->,<!-- Settings page -->,<!-- Settings page -->,<!-- Settings page -->,<!-- Settings page -->,<!-- Settings page -->,<!-- Settings page -->,<!-- Settings page -->,<!-- Settings page -->,<!-- Settings page -->,<!-- Settings page -->,<!-- Settings page -->,<!-- Settings page -->,<!-- Settings page -->,<!-- Settings page -->,<!-- Settings page -->,<!-- Settings page -->,<!-- Settings page -->,<!-- Settings page -->
timby_status,APP CONFIGURATIONS,CẤU HÌNH ỨNG DỤNG,பயன்பாட்டி வடிவமைப்புகள்,CONFIGURACIONES DE LA APP,एप्प विन्यास,KONFIGURASI APP,تكوينات التطبيق,CONFIGURAÇÕES DO APP,HALI YA APU,APP КОНФИГУРАЦИИ,CONFIGURATIONS DE L'APPLICATION,KOMPIGASYON NG APP,สถานะ APP,KONFIGURASI APLIKASI,एप स्थिति,অ্যাপ স্ট্যাটাস,应用程序状态,應用程式狀態,ស្ថានភាព APP
timby_dashboard,TIMBY Dashboard,Bảng điều khiển TIMBY,TIMBY டேஷ்போர்டு,Cuadro de mando de TIMBY,TIMBY डैशबोर्ड,Papan Pemuka TIMBY,TIMBY لوحة القيادة,Painel TIMBY,Dashibodi ya TIMBY,TIMBY Dashboard,Tableau de bord TIMBY,TIMBY Dashboard,หน้ากระดาน TIMBY,TIMBY Dashboard,टिम्बि ड्यासबोर्ड,TIMBY ড্যাশবোর্ড,TIMBY 信息主页,TIMBY 資訊主頁,ផ្ទាំងពត៌មាន TIMBY
timby_icon,TIMBY Discreet Icon,Biểu tượng kín đáo của TIMBY,TIMBY பிரத்யேக ஐகான்,Ícono Discreto de TIMBY,TIMBY विचारशील आइकन,TIMBY Discreet Icon,تيمي أيقونة سرية,Ícone discreto TIMBY,Picha ya Tukufu,TIMBY Discreet Icon,Icône discrète TIMBY,TIMBY Discreet Icon,TIMBY Discreet Icon,TIMBY Discreet Ikon,टिम्बि डिस्कृट आइकन,TIMBY সতর্ক আইকন,TIMBY 掩饰图标,TIMBY 掩飾圖示,រូបតំណាងសុវត្ថិភាព TIMBY
timby_icon_subtitle,Select a preferred app icon and app name,Chọn một biểu tượng ứng dụng ưa thích và tên ứng dụng,விருப்பமான பயன்பாட்டி ஐகான் மற்றும் பயன்பாட்டி பெயரைத் தேர்ந்தெடுக,Selecciona el ícono de tu preferencia para la aplicación y un nombre de aplicación,अपनी पसंदीदा एप्प चित्र एवं एप्प का नाम चुनें,Pilih ikon apl pilihan dan nama apl,حدد رمز التطبيق المفضل واسم التطبيق,Selecione um ícone de aplicativo preferido e um nome de aplicativo,Chagua picha ya apu inayopendelewa na jina la apu,Выберите значок предпочитаемого приложения и имя приложения,Sélectionnez une icône et un nom d'application préférés,Pumili ng isang ginustong icon ng app at pangalan ng app,เลือกไอคอนและชื่อของ APP ที่ต้องการ,Pilih ikon aplikasi dan nama aplikasi yang anda inginkan,नाम,পছন্দসই একটি এপ্লিকেশন আইকন এবং এপ্লিকেশন নাম নির্বাচন করুন,选择首选的应用程序的图标和名称,選擇首選的應用程式的圖示和名稱,ជ្រើសរើសរូបតំណាងapp និងឈ្មោះapp ដែលអ្នកពេញចិត្ត
timby_icon_name_changer_title,Select your desired TIMBY launcher icon and app name,Chọn biểu tượng và tên ứng dụng trình khởi chạy TIMBY mong muốn của bạn,நீங்கள் விரும்பும் TIMBY துவக்க ஐகான் மற்றும் பயன்பாட்டி பெயரைத் தேர்ந்தெடுக,Selecciona el ícono de tu preferencia para el lanzador de TIMBY y un nombre de aplicación,पसंदीदा तिम्ब्य लांचर चित्र एवं एप्पका नाम चुनें,Pilih ikon pelancar TIMBY yang anda mahukan dan nama aplikasinya,حدد أيقونة المشغل TIMBY واسم التطبيق,Selecione o ícone do iniciador TIMBY e o nome do aplicativo desejados,Chagua picha ya kuzindua apu ya TIMBY inayotaka na jina la apu,Выберите нужный значок запуска TIMBY и название приложения,Sélectionnez l'icône du lanceur TIMBY et le nom de l'application souhaités,Piliin ang iyong ninanais na icon ng launcher ng TIMBY at pangalan ng app,เลือกไอคอนเปิดการใช้งาน TIMBY และชื่อของ APP ที่ต้องการ,Pilih ikon TIMBY Launcher dan nama aplikasi yang anda inginkan,र एपको नाम,আপনার পছন্দসই TIMBY লঞ্চার আইকন এবং অ্যাপ নাম নির্বাচন করুন,选择所需的TIMBY启动器图标和应用程序名称,選擇所需的TIMBY啟動器圖示和應用程式名稱,ជ្រើសរើសរូបតំណាងកម្មវិធីបើក TIMBY និងឈ្មោះapp
timby_network,Current Network Type,Loại mạng hiện tại,தற்போதைய நெட்வொர்க் வகை,Tipo de Red Actual,वर्तमान नेटवर्क का प्रकार,Jenis Rangkaian Semasa,نوع الشبكة الحالية,Tipo de rede atual,Aina ya Mtandao unayotumia,Текущий тип сети,Type de réseau actuel,Kasalukuyang Uri ng Network,ประเภทเครือข่ายปัจจุบัน,Tipe Jaringan Saat Ini,हालको नेटवर्क प्रकार,বর্তমান নেটওয়ার্কের ধরন,当前网络类型,目前網絡類型,ប្រភេទបណ្តាញបច្ចុប្បន្ន
timby_video_length,TIMBY Video Length,Thời lượng video TIMBY,TIMBY வீடியோ நீளம்,Duración de Video TIMBY,TIMBY विडियो की अवधि,Panjang Video TIMBY,TIMBY طول الفيديو,Duração do vídeo TIMBY,"
Urefu wa Video",TIMBY Длина видео,Durée vidéo TIMBY,Haba ng Video ng TIMBY,ความยาววิดีโอของ TIMBY,Durasi Video TIMBY,टिम्बि भिडियो अवधि,TIMBY ভিডিও দৈর্ঘ্য,TIMBY 视频长度,TIMBY 影片長度,ប្រវែងវីដេអូTIMBY
timby_video_length_subtitle,%1$d minutes,phút,நிமிடங்கள்,minutos,मिनट,minit,الدقائق,minutos,dakika,минут,minutes,minuto,นาที,menit,मिनेट,মিনিট,分钟,分鐘,នាទី
timby_version,APP VERSION,PHIÊN BẢN ỨNG DỤNG,பயன்பாட்டி பதிப்பு,VERSIÓN DE LA APLICACIÓN,एप्प संस्करण,APP VERSION,نسخة التطبيق,VERSÃO APP,TOLEO LA APU,APP ВЕРСИЯ,VERSION DE L'APPLICATION,APP VERSION,เวอร์ชัน APP,VERSI APLIKASI,एप भर्सन,অ্যাপ সংস্করণ,应用程序版本,應用程式版本,កំណែទម្រង់APP
timby_version_label,TIMBY Version,Phiên bản TIMBY,TIMBY பதிப்பு,Versión de TIMBY,TIMBY संस्करण,TIMBY Version,نسخة TIMBY,Versão TIMBY,Toleo la TIMBY,Версия TIMBY,Version TIMBY,Bersyon ng TIMBY,เวอร์ชัน TIMBY,Versi TIMBY,टिम्बि भर्सन,TIMBY সংস্করণ,TIMBY 版本,TIMBY 版本,កំណែទម្រង់TIMBY
timby_reset,RESET APPLICATION,ỨNG DỤNG,பயன்பாட்டியை மீட்டமைக,REINICIAR APLICACIÓN,आवेदन रीसेट करें,PERMOHONAN MENGISI,إعادة تعيين التطبيق,REINICIAR APLICAÇÃO,weka apu upya,СБРОС ЗАЯВКИ,RÉINITIALISER L'APPLICATION,RESET APPLIKASYON,รีเซ็ต APP,ATUR ULANG APLIKASI,एप्लिकेसन रिसेट गर्नुहोस्,এপ্লিকেশন পুনঃবিন্যাস করুন,重置应用程序,重設應用程式,កំណត់កម្មវិធីឡើងវិញ
timby_reset_label,Reset TIMBY App,Đặt lại ứng dụng TIMBY,TIMBY பயன்பாட்டியை மீட்டமைக,REINICIAR APLICACIÓN DE TIMBY,एप्प रीसेट करें,Tetapkan semula TIMBY App,إعادة تعيين التطبيق TIMBY,Redefinir o aplicativo TIMBY,weka apu ya TIMBY upya,Сбросить приложение TIMBY,Réinitialiser l'application TIMBY,I-reset ang TIMBY App,รีเซ็ต TIMBY APP,Atur ulang Aplikasi TIMBY,टिम्बि एप रिसेट गर्नुहोस्,TIMBY App পুনঃবিন্যাস করুন,重置 TIMBY 应用程序,重設 TIMBY 應用程式,កំណត់កម្មវិធីTIMBYឡើងវិញ
timby_reset_label_subtitle,Resolve Sync/Export/Map issues,Giải quyết các vấn đề về Đồng bộ hóa / Xuất / Bản đồ,ஒத்திசைவு / தரவு ஏற்றுமதி / வரைபட பிரச்சினைகளை தீர்க்கவும்,Resolver problemas de sincronización/exportación/mapas,विन्यास/निर्यात/नक्शा से जुड़ी समस्या का समाधान करें,Selesaikan isu Segerak / Eksport / Peta,حل مشكلات المزامنة / التصدير / الخريطة,Resolver problemas de sincronização / exportação / mapa,"Suluhisha Usawazishaji / 
mchakato wa kutuma kwa kadi sakima",Решить проблемы синхронизации / экспорта / карты,Résoudre les problèmes de synchronisation / exportation / mappage,Malutas ang mga isyu sa Pag-sync / Export / Mapa,แก้ไขปัญหา การถ่ายโอน/การส่งออก/แผนที่,Menyelesaikan masalah Sinkronisasi/Ekspor/Peta,सिंक/एक्सपोर्ट/नक्सा समस्याहरु समाधान गर्नुहोस्,সিনক্রোনাইজেশন/এক্সপোর্ট/মানচিত্র সমস্যা সমাধান করুন,解决同步/导出/地图问题,解決同步/匯出/地圖問題,ដោះស្រាយបញ្ហាសមកាលកម្ម/នាំចេញ/បញ្ហាផែនទី
api_url,TIMBY API URL,TIMBY API URL,டிம்பீ ஏபிஐ யுஆர்எல்,API url,TIMBY API URL,URL API TIMBY,API URL TIMBY,API URL TIMBY,Kiungo cha API cha TIMBY,TIMBY API URL,API url,TIMBY API URL,TIMBY API URL,TIMBY API URL,टिम्बि एपिआइ युआरएल,TIMBY এপিআই ইউআরএল,TIMBY API URL,TIMBY API URL,TIMBY API URL
set,Set,Thiết lập,தொகுப்பு,Marcar,सेट,Set,وضع,Definir,Weka,Установить,Ensemble,I-set,ตั้งค่า,Set,सेट गर्नुहोस्,সেট,设置,設定,កំណត់
settings_saved,Settings have been saved!,Các cài đặt đã được lưu!,அமைப்புகள் சேமிக்கப்பட்டன!,Los ajustes se han guardado!,सेटिंग्स सहेज ली गई हैं!,Seting telah disimpan!,تم حفظ الإعدادات!,As definições foram guardadas!,Mipangilio ya simu yako imehifathiwa,Настройки сохранены!,Les Paramètres ont ete sauvegardes!,Nai-save na ang mga setting!,การตั้งค่าถูกบันทึกแล้ว!,Pengaturan telah tersimpan!,सेटिङहरु सेभ भएका छन् !,সেটিংস সেভ করে হয়েছে,已保存设置！,已保存設定！,ការកំណត់ត្រូវបានរក្សាទុក!
timby_analytics_title,TIMBY Analytics,Phân tích TIMBY,TIMBY பகுப்பாய்வு,Análisis de TIMBY,TIMBY एनालिटिक्स,Analisis TIMBY,تحليلات TIMBY,Análise TIMBY,Uchambuzi wa Timby,TIMBY аналитика,TIMBY Analytics,TIMBY analytics,การวิเคราะห์ TIMBY,Analisis TIMBY,TIMBY एनालिटिक्स,TIMBY বিশ্লেষণ,TIMBY分析,TIMBY分析,អ្នកវិភាគធីម៉ីប៊ី
opt_in_out,Send Analytics,Gửi phân tích,பகுப்பாய்வை அனுப்புக,Enviar Análisis,एनालिटिक्स भेजें,Hantar Analitis,إرسال تحليلات,Enviar análise,Tuma uchambuzi,Отправить аналитику,Envoyer des analyses,Magpadala ng Analytics,ส่งการวิเคราะห์,Kirim Analytics,एनालिटिक्स पठाउनुहोस्,বিশ্লেষণ পাঠান,发送分析,發送分析,ផ្ញើការវិភាគ
timby_analytics_subtitle,Analytics helps us build better features. We never collect your personal information,Phân tích giúp chúng tôi xây dựng các tính năng tốt hơn. Chúng tôi không bao giờ thu thập thông tin cá nhân của bạn,சிறந்த அம்சங்களை உருவாக்க பகுப்பாய்வு எங்களுக்கு உதவுகிறது. உங்கள் தனிப்பட்ட தகவல்களை நாங்கள் ஒருபோதும் சேகரிப்பதில்லை,Los análisis nos ayudan a crear mejores herramientas. Nunca recopilamos tu información personal.,एनालिटिक्स हमें बेहतर विशेषताएं बनाने में मदद करता है. हम आपकी व्यक्तिगत जानकारी कभी एकत्रित नहीं करते,Analitis membantu kami membina ciri yang lebih baik. Kami tidak pernah mengumpul maklumat peribadi anda,يساعدنا Analytics في بناء ميزات أفضل. نحن لا نجمع معلوماتك الشخصية أبدًا,O Analytics nos ajuda a criar melhores recursos. Nós nunca coletamos suas informações pessoais,"
Uchambuzi hutusaidia kujenga huduma bora. Kamwe hatuchambui habari yako ya kibinafsi",Аналитика помогает нам создавать лучшие функции. Мы никогда не собираем вашу личную информацию,Analytics nous aide à créer de meilleures fonctionnalités. Nous ne collectons jamais vos informations personnelles,Tinutulungan kami ng Analytics na bumuo ng mas mahusay na mga tampok. Hindi namin kinokolekta ang iyong personal na impormasyon,Analytics ช่วยให้เราสร้างคุณสมบัติที่ดีขึ้น เราไม่เคยรวบรวมข้อมูลส่วนบุคคลของคุณ,Analytics membantu kami membangun fitur yang lebih baik. Kami tidak pernah mengumpulkan informasi pribadi Anda,एनालिटिक्सले हामीलाई अझ राम्रा सुविधाहरू निर्माण गर्न मद्दत गर्दछ। हामी तपाईको व्यक्तिगत जानकारी कहिले पनि स collect्कलन गर्दैनौं,বিশ্লেষণ আমাদের আরও ভাল বৈশিষ্ট্যগুলি তৈরি করতে সহায়তা করে। আমরা কখনই আপনার ব্যক্তিগত তথ্য সংগ্রহ করি না,Analytics（分析）可帮助我们构建更好的功能。我们从不收集您的个人信息,Analytics（分析）可幫助我們構建更好的功能。我們從不收集您的個人信息,ការវិភាគជួយយើងបង្កើតលក្ខណៈល្អប្រសើរ។ យើងមិនដែលប្រមូលព័ត៌មានផ្ទាល់ខ្លួនរបស់អ្នកទេ
<!-- Add Report Page -->,<!-- Add Report Page -->,<!-- Add Report Page -->,<!-- Add Report Page -->,<!-- Add Report Page -->,<!-- Add Report Page -->,<!-- Add Report Page -->,<!-- Add Report Page -->,<!-- Add Report Page -->,<!-- Add Report Page -->,<!-- Add Report Page -->,<!-- Add Report Page -->,<!-- Add Report Page -->,<!-- Add Report Page -->,<!-- Add Report Page -->,<!-- Add Report Page -->,<!-- Add Report Page -->,<!-- Add Report Page -->,<!-- Add Report Page -->,<!-- Add Report Page -->
add_picture,Image,Hình ảnh,படம்,Imagen,चित्र,Imej,صورة,Imagem,Picha,Картина,Image,Larawan,รูปภาพ,Gambar,इमेज,ইমেজ,图像,圖片,រូបភាព
add_video,Video,Video,வீடியோ,Video,विडियो,Video,فيديو,Vídeo,Video,Видео,Vidéo,Video,วิดีโอ,Video,भिडियो,ভিডিও,视频,影片,វីដេអូ
add_audio,Audio,Âm thanh,ஆடியோ,Audio,ऑडियो,Audio,صوت,Áudio,Sauti,Аудио,Audio,Audio,เสียง,Audio,अडियो,অডিও  ,音频,音訊,សំលេង
view_gallery,Gallery,Thư viện,கேலரி,Galería,गेलरी,Galeri,صالة عرض,Galeria,Hifadhi,Галерея,Gallerie,Gallery,อัลบั้ม,Galeri,ग्यालेरी,গ্যালারী ,图片库,圖片庫,កន្លែងវិចិត្រសាល
enter_title,Enter Title,Nhập tiêu đề,தலைப்பு சேர்க்கவும்,Escriba el Título,शीर्षक दर्ज करें,Masukkan Tajuk,وضع عنوان,Inserir o título,Ingiza Anwani,Внести Название,Entrer un Titre,Maglagay ng Pamagat,ใส่ชื่อเรื่อง,Masukan Judul,शिर्षक राख्नुहोस्,টাইটেল বা শিরোনাম প্রবেশ করান ,输入标题,輸入標題,បញ្ចូលចំណងជើង
company_or_person_field,Company/Person,Công ty / Người,நிறுவனம் / நபர்,Compañía/Persona,कम्पनी /व्यक्ति,Syarikat/Orang,إضافة شركة / شخص,Empresa/Pessoa,Kampuni/Mtu,Компания/Человек,Ajouter une compagnie/personne,Kompanya/Tao,บริษัท/บุคคล,Masukan Nama Perusahaan / Orang,कम्पनी/नाम,কোম্পানী/ব্যাক্তি ,公司 / 个人,公司 / 個人,ក្រុមហ៊ុន/បុគ្គល
description_field,Tell us what is happening,Cho chúng tôi biết điều gì đang xảy ra,என்ன நடக்கிறது என்று எங்களுக்கு சொல்லுங்கள்,Cuentenos que está sucediendo,इस रिपोर्ट में क्या हो रहा है ..,Beritahu kami apa yang sedang berlaku,أخبرنا بما يحدث ..,Conte-nos o que está a acontecer…,Tuelezee kinachoendelea,"Скажите нам, что происходит",Décrivez ce qu\'il se passe,Sabihin sa amin kung anong nangyayari,เล่าสิ่งที่เกิดขึ้น,Ceritakan Pada Kami apa yang terjadi,के भैरहेको छ हामीलाई बताउनुहोस्,কি ঘটছে আমাদের বলুন ,请填写内容,請填寫內容,ប្រាប់យើងពីអ្វីដែលកំពុងកើតឡើង
location_not_set,Location not set,Chưa cài đặt vị trí,இடம் அமைக்கப்படவில்லை,Locación no establecida,लोकेशन सेट नहीं,Lokasi tidak ditetapkan,لم يتم تعين الموقع,Localização não definida,Eneo halijawekwa,Локация не установлена,Localisation non définie,Hindi naitakda ang lokasyon,สถานที่ยังไม่ได้ทำการตั้งค่า,Set Lokasi,स्थान सेट गरिएन,লোকেশন সেট করা হয়নি ,尚未设定位置,尚未設定位置,មិនបានកំណត់ទីតាំង
done,Done,Đã hoàn tất,முடிந்தது,Grabar,किया हुआ,Selesai,فعله,Feito,Maliza,Завершено,Enregistrer,Tapos na,เสร็จ,Selesai,भयो,হয়ে গেছে ,完成,完成,ធ្វើរួច
edit_report,Edit Report,Sửa báo cáo,அறிக்கை திருத்தவும்,Editar reporte,एडिट,Edit Laporan,أضافه,Editar evento,Hariri ripoti,Редактировать отчет,Modifier le rapport,I-edit ang Report,แก้ไขการรายงาน,Edit Laporan,रिपोर्ट सम्पादन गर्नुहोस्,রিপোর্ট সম্পাদনা করুন ,编辑报告,編輯報告,កែប្រែរបាយការណ៍
no_media_added,No media added on this report yet!,Chưa có phương tiện nào được thêm vào báo cáo này!,இந்த அறிக்கையில் இதுவரை எந்த ஊடகமும் சேர்க்கப்படவில்லை!,¡Todavía no ha añadido archivos multimedia a este reporte!,अभी तक इस रिपोर्ट में कोई मीडिया जोड़ा नहीं गया है!,Tiada media ditambah ke dalam laporan ini lagi!,لم تتم إضافة أي وسائط إلى هذا التقرير بعد!,Ainda não foi adicionado conteúdo de media a este evento!,Hakuna picha/sauti/video zilizoongezwa katika ripoti!,Отчёт не содержит медиа!,Aucun fichier multimédia ajouté à ce rapport!,Wala pang naidagdag na media sa report na ito!,ยังไม่มีการเพิ่มมีเดียบนการรายงานนี้!,Tidak ada Media yang di masukan dalam laporan,यो रिपोर्टमा अझै रिपोर्ट थपिएन !,এই রিপোর্টটিতে এখনো কোন মিডিয়া যুক্ত করা হয়নি ,尚未在此报告上添加任何媒体！,尚未在此報告上新增任何媒體！,មិនទាន់បន្ថែមមេឌៀលើរបាយការណ៍នេះទេ!
location_is_not_set,Trouble finding location. Try again later!,Sự cố khi tìm vị trí. Thử lại sau!,இருப்பிடத்தை கண்டறிவதில் சிக்கல். மீண்டும் முயற்சிக்கவும்!,Problemas encontrando la locación. Intente de nuevo!,"लोकेशन ढूँढने में मुश्किल, दोबारा प्रयास करें",Masalah mencari lokasi. Cuba lagi kemudian!,صعوبه العثور على الموقع .حاول مره اخرى!,Dificuldade em encontrar a localização. Tente mais tarde!,Kuna tatizo kupata eneo. Jaribu tena!,Ошибка обнаружения локации. Попробуйте снова,Difficultés de localisation. Réessayez plus tard!,May problema sa paghahanap ng lokasyon. Subukang muli sa ibang pagkakataon!,พบปัญหาในการหาสถานที่ ลองใหม่อีกครั้ง!,"Kesulitan menemukan Lokasi, coba lagi",स्थान खोज्न समस्या l पछि फेरी कोशिश गर्नुहोस् !,লোকেশন খুজতে সমস্যা হচ্ছে। আবার চেষ্টা করুন! ,找不到位置，稍后再试！,找不到位置，稍後再試！,មានបញ្ហារកទីតាំង។ ព្យាយាម​ម្តង​ទៀត​នៅ​ពេលក្រោយ!
updated_successfully,updated successfully!,Cập nhật thành công!,வெற்றிகரமாக புதுப்பிக்கப்பட்டது!,actualización exitosa!,अद्यतन सफलतापूर्ण हो गया,Berjaya dikemas kini!,تحديث بنجاح!,Atualizado com sucesso!,Kuimarisha kumefaulu!,Успешно обновлено,mise à jour réussi!,tagumpay na na-update!,การอัปเดตเสร็จสมบูรณ์!,Update sukses,सफलतापूर्वक अपडेट भयो !,সফলভাবে আপডেট করা হয়েছে!,更新成功！,更新成功！,ធ្វើបច្ចុប្បន្នភាពដោយជោគជ័យ!
caption_updated,Caption updated Successfully !,Đã cập nhật chú thích thành công!,தலைப்பு வெற்றிகரமாக புதுப்பிக்கப்பட்டது!,Título actualizado con éxito,कैप्शन अपडेट हो गया !,Kapsyen berjaya dikemas kini!!,تم التقاطها في ________ تحديث بنجاح!,Legenda actualizada com sucesso!,Kuimarisha dondoo kumefaulu !,Подпись успешно обновлена,Légende mise à jour!,Matagumpay na na-update ang Caption!,คำอธิบายภาพอัปเดตเสร็จสมบูรณ์!,Caption Update sukses,क्याप्सन सफलतापूर्वक अपडेट भयो !,ক্যাপশন সফলভাবে আপডেট করা হয়েছে! ,标题成功更新！,標題成功更新！,បានធ្វើបច្ចុប្បន្នភាពចំណងជើងដោយជោគជ័យ!
select_sector,Select Sector,Chọn ngành,துறை தேர்ந்தெடுக்கவும்,Seleccione el sector,विषय का चयन करें,Pilih Sektor,حدد القطاع,Seleccionar sector,Chagua Sekta,Выберите сектор,Selectionner le secteur,Pumili ng Sektor,เลือกแผนก,Pilih Topik,सेक्टर रोज्नुहोस्,সেক্টর বাছাই করুন ,请选择类别,請選擇類別,ជ្រើសរើសវិស័យ
location_permission_rationale,Location permission is required to show the location of your report,Cần có quyền truy cập vị trí để hiển thị vị trí của báo cáo của bạn,"உங்கள் அறிக்கையில் இருப்பிடத்தை காட்ட, இருப்பிட அனுமதி தேவை",Se requiere permiso de ubicación Para mostrar la ubicación de su informe,आपकी रिपोर्ट का स्थान दिखाने के लिए स्थान की अनुमति आवश्यक है,Kebenaran lokasi diperlukan untuk memaparkan lokasi laporan anda,مطلوب إذن الموقع لإظهار موقع تقريرك,É necessária permissão de localização para mostrar a localização do seu relatório,Ruhusa ya mahali inahitajika ili kuonyesha eneo la ripoti yako,Для определения местоположения вашего отчета требуется разрешение на размещение.,Une autorisation de géolocalisation est requise pour indiquer l\'emplacement de votre rapport,Kinakailangan ang pahintulot sa lokasyon upang ipakita ang lokasyon ng iyong ulat,การอนุญาตให้เข้าถึงสถานที่เป็นเรื่องจำเป็นในการแสดงสถานที่บนการรายงานของคุณ,Ijin lokasi dibutuhkan untuk menunjukkan lokasi pada laporan anda,तपाईंको रिपोर्टको स्थान देखाउँन लोकेसन अनुमति आवश्यक हुन्छ,আপনার রিপোর্টে লোকেশন প্রদর্শন করতে লোকেশন অনুমোদন প্রয়োজন ,需要位置权限，显示报告的位置,需要位置許可權，顯示報告的位置,តម្រូវអោយមានការអនុញ្ញាតទីតាំងដើម្បីបង្ហាញពីទីតាំងនៃរបាយការណ៍របស់អ្នក
image_video_permission_rationale,Camera permission is required to add images or video to your report,Cần có quyền truy cập máy ảnh để thêm hình ảnh hoặc video vào báo cáo của bạn,உங்கள் அறிக்கையில் படங்களை அல்லது வீடியோவைச் சேர்க்க கேமரா அனுமதி தேவை,Se requiere permiso de la cámara Para agregar imágenes o videos a su informe,आपकी रिपोर्ट में छवियों या वीडियो को जोड़ने के लिए कैमरा अनुमति की आवश्यकता होती है,Kebenaran kamera diperlukan untuk menambah imej atau video kepada laporan anda,مطلوب إذن الكاميرا لإضافة الصور أو الفيديو إلى تقريرك,É necessária permissão da câmara para adicionar imagens ou vídeos ao seu relatório,Ruhusa ya kamera inahitajika ili kuongeza picha au video kwenye ripoti yako,Разрешение камеры требуется для добавления изображений или видео в ваш отчет,Une autorisation d\'utilisation de l\'appareil photo est requise pour ajouter des images ou des vidéos à votre rapport,Inakailangan ang pahintulot sa kamera upang magdagdag ng mga larawan o video sa iyong ulat,การอนุญาตให้เข้าถึงกล้องเป็นเรื่องจำเป็นในการเพิ่มรูปภาพหรือวิดีโอบนการรายงานของคุณ,Ijin kamera dibutuhkan untuk menambah gambar atau video pada laporan anda,तपाईंको रिपोर्टमा तस्विरहरु वा भिडियो थप्न क्यामेरा अनुमति आवश्यक पर्छ,আপনার রিপোর্টে ইমেজ বা ভিডিও যুক্ত করতে ক্যামেরা এর অনুমোদন অবশ্য প্রয়োজনীয় ,需要相机权限，将图像或视频添加到你的报告,需要相機許可權，將圖片或影片新增到你的報告,តម្រូវអោយមានការអនុញ្ញាតកាមេរ៉ាដើម្បីបន្ថែមរូបភាពឬវីដេអូទៅរបាយការណ៍របស់អ្នក
audio_permission_rationale,Audio permission is required to add audio to your report,Cần có quyền truy cập âm thanh để thêm âm thanh vào báo cáo của bạn,உங்கள் அறிக்கையில் ஆடியோவை சேர்க்க ஆடியோ அனுமதி தேவை,Se requiere permiso de audio Para agregar audio a su informe,आपकी रिपोर्ट में ऑडियो जोड़ने के लिए ऑडियो की अनुमति आवश्यक है,Kebenaran audio diperlukan untuk menambah audio kepada laporan anda,مطلوب إذن الصوت لإضافة الصوت إلى تقريرك,É necessária permissão de áudio para adicionar áudio ao seu relatório,Ruhusa ya sauti inahitajika ili kuongeza sauti kwenye ripoti yako,Для добавления аудио в ваш отчет требуется разрешение звука,Une autorisation d\'utilisation d\'enregistrements audio est requise pour ajouter des enregistrements audio à votre rapport,Kinakailangan ang pahintulot sa audio upang magdagdag ng audio sa iyong ulat,การอนุญาตให้เข้าถึงเสียงเป็นเรื่องจำเป็นในการเพิ่มเสียงบนการรายงานของคุณ,Ijin audio dibutuhkan untuk menambah audio pada laporan anda,तपाईंको रिपोर्टमा अडियो हाल्न अडियो अनुमति आवश्यक हुन्छ,আপনার রিপোর্টে অডিও যুক্ত করতে অডিও এর অনুমোদন অবশ্য প্রয়োজনীয় ,需要音频权限，将音频添加到你的报告,需要音訊許可權，將音訊新增到你的報告,តម្រូវអោយមានការអនុញ្ញាតសម្លេងដើម្បីបន្ថែមសម្លេងនៅក្នុងរបាយការណ៍របស់អ្នក
<!--Add  Caption -->,<!--Add  Caption -->,<!--Add  Caption -->,<!--Add  Caption -->,<!--Add  Caption -->,<!--Add  Caption -->,<!--Add  Caption -->,<!--Add  Caption -->,<!--Add  Caption -->,<!--Add  Caption -->,<!--Add  Caption -->,<!--Add  Caption -->,<!--Add  Caption -->,<!--Add  Caption -->,<!--Add  Caption -->,<!--Add  Caption -->,<!--Add  Caption -->,<!--Add  Caption -->,<!--Add  Caption -->,<!--Add  Caption -->
story_publish_describe_hint,Describe your capture..,Mô tả ảnh chụp của bạn ..,உங்கள் பிடிப்பு விவரிக்கவும் ..,Describa su captura,अपने क्लिप का वर्णन करें,Terangkan imej anda,صف التقاط,Descreva a sua captura,Elezea ulichonasa,Опишите вашу работу,Décrivez votre prise de vue,Ilarawan ang iyong nakuhang litrato,อธิบายรูปภาพของคุณ..,Jelaskan Tentang Gambar Anda,तपाईंको क्याप्चर व्याख्या गर्नुहोस्..,আপনার ক্যাপচারটি বর্ণনা করুন ...,描述图像或视频,描述圖片或影片,ពិពណ៌នាអំពីរូបថតរបស់អ្នក ។.
add__caption,Add Caption,Thêm chú thích,தலைப்பைச் சேர்,Añada descripción,कैप्शन दें,Tambah Kapsyen,اسم المستخدم غير فعال,Adicionar legenda,Ongeza Dondoo,Добавить подпись,Ajouter une légende,Magdagdag ng Caption,เพิ่มคำอธิบาย,Tuliskan Keterangan,क्याप्सन थप्नुहोस्,ক্যাপশন যুক্ত করুন ,添加标题,新增標題,បន្ថែមចំណងជើង
add_caption,Add Caption,Thêm chú thích,தலைப்பைச் சேர்,Añada descripción,कैप्शन दें,Tambah Kapsyen,اسم المستخدم غير فعال,Adicionar legenda,Ongeza Dondoo,Добавить подпись,Ajouter une légende,Magdagdag ng caption,เพิ่มคำอธิบาย,Tuliskan Keterangan,क्याप्सन थप्नुहोस्,ক্যাপশন যুক্ত করুন ,添加标题,新增標題,បន្ថែមចំណងជើង
skip__caption,Skip,Bỏ qua,தவிர்க்க,Saltar >>,छोड़ें >>,Langkau >>,تخطى,Saltar,Ruka,продолжить,Passer ,Laktawan,ข้าม,Skip,छोड्नुहोस्,এটা উহ্য রাখুন  ,跳过,跳過,រំលង
<!--Reports Page -->,<!--Reports Page -->,<!--Reports Page -->,<!--Reports Page -->,<!--Reports Page -->,<!--Reports Page -->,<!--Reports Page -->,<!--Reports Page -->,<!--Reports Page -->,<!--Reports Page -->,<!--Reports Page -->,<!--Reports Page -->,<!--Reports Page -->,<!--Reports Page -->,<!--Reports Page -->,<!--Reports Page -->,<!--Reports Page -->,<!--Reports Page -->,<!--Reports Page -->,<!--Reports Page -->
report_title,Title,Tiêu đề,தலைப்பு,Título,,Tajuk,عنوان,Título,Kichwa,Название,Titre,Pamagat,ข้อเรื่อง,Judul,शिर्षक राख्नुहोस्,টাইটেল বা শিরোনাম,标题,標題,ចំណងជើង
report_status,Status,Trạng thái,நிலைமை,Estado,स्टेटस,Status,الحالة,Estado,Hali,Статус,État,Status,สถานะ,Status,स्थिति,স্ট্যাটাস ,状态,狀態,ស្ថានភាព
report_date,Date,Ngày,தேதி,Fecha,डेट,Tarikh,تاريخ,Data,Tarehe,Дата,Date,Petsa,วันที่,Tanggal,मिति,তারিখ ,日期,日期,កាលបរិច្ឆេទ
not_synced,Not synced,Chưa đồng bộ,ஒத்திசைக்கப்படவில்லை,Aún no sincronizado,सिंक नहीं हुआ,Tidak selaras,لم تتم مزامنته,Não sincronizado,Hazijasawazishwa,Не синхронизировано,Non Synchronisé,Hindi naka-sync,ยังไม่ได้ถ่ายโอน,Belum di Sinkronisasikan,सिंक गरिएको छैन,সিঙ্ক্রোনাইজেশন করা হয়নি ,没有同步,沒有同步,មិនធ្វើសមកាលកម្ម
synced,Synced,Đã đồng bộ,ஒத்திசைக்கப்பட்டன,Sincronizado,सिंक किया गया,Selaras,تمت مزامنته,Sincronizado,Zimesawazishwa,Синхронизировано,Synchronisé,Naka-sync,ถ่ายโอนแล้ว,Sinkronisasi,सिंक गरिएको छैन,সিঙ্ক্রোনাইজেশন করা হয়েছে ,已同步,已同步,បានធ្វើសមកាលកម្ម
not_exported,Not exported,Chưa xuất,ஏற்றுமதி செய்யப்படவில்லை,Aún no exportado,एक्सपोर्ट नहीं किया गया,Tidak dieksport,لم يتم تصديرها,Não exportado,Hazijatumwa,Не экспортирован,Non exporté,Hindi nai-export,ยังไม่ได้ส่งออก,Belum Di Ekspor,एक्सपोर्ट गरिएको छैन,এক্সপোর্ট করা হয়নি ,尚未导出,尚未匯出,មិននាំចេញ
exported,Exported,Đã xuất,ஏற்றுமதி செய்யப்பட்டது!,Exportado,निर्यात किए गए,Dieksport,تصدير,Exportado,Kutuma kumefaulu!,Экспортирован,Exporté,Nai-export,ส่งออกแล้ว,Di Ekspor,एक्सपोर्ट गरियो,এক্সপোর্ট করা হয়েছে ,已导出,已匯出,នាំចេញ
delete_report_confirmation,Are you sure you want to delete report?,Bạn có chắc chắn muốn xóa báo cáo không?,அறிக்கையை நிச்சயமாக நீக்க விரும்புகிறீர்களா?,Está seguro que quiere borrar este reporte?,क्या आप ये रिपोर्ट डिलीट करना चाहते हैं?,Adakah anda pasti anda ingin memadam laporan?,هل انته متاكد من حذف هذا التقرير؟,Tem a certeza que pretende eliminar este evento?,Una hakika ungetaka kufuta hii ripoti ?,"Вы уверены, что хотите удалить отчет?",Êtes-vous sûr de vouloir supprimer ce rapport?,Sigurado kabang gusto mong burahin ang report?,คุณแน่ใจว่าต้องการลบการรายงานหรือไม่?,Apakah anda yakin ingin menghapus laporan?,के तपाईं रिपोर्ट मेट्न चाहनुहुन्छ ?,আপনি কি নিশ্চিত যে আপনি এই রিপোর্টটি মুছে ফেলতে চান? ,确定要删除报告？,確定要刪除報告？,តើអ្នកប្រាកដជាចង់លុបរបាយការណ៍មែនទេ?
cancel_,Cancel,Hủy,ரத்து செய்யவும்,Cancelar,कैंसल,Batal,الغاء,Cancelar,Sitisha,Отмена,Annuler,Kanselahin,ยกเลิก,Batalkan,रद्द गर्नुहोस्,বাতিল ,取消,取消,បោះបង់
ok,OK,OK,சரி,De acuerdo,ओके,OK,OK,OK,OK,OK,D\'accord,OK,ตกลง,OK,हुन्छ,ঠিক আছে ,确定,確定,យល់ព្រម
   <!--Map Page -->,   <!--Map Page -->,   <!--Map Page -->,   <!--Map Page -->,   <!--Map Page -->,   <!--Map Page -->,   <!--Map Page -->,   <!--Map Page -->,   <!--Map Page -->,   <!--Map Page -->,   <!--Map Page -->,   <!--Map Page -->,   <!--Map Page -->,   <!--Map Page -->,   <!--Map Page -->,   <!--Map Page -->,   <!--Map Page -->,   <!--Map Page -->,   <!--Map Page -->,   <!--Map Page -->
map,Map,Bản đồ,வரைபடம்,Mapa,नक्शा,Peta,خريطة,Mapa,Ramani,карта,Carte,Mapa,แผนที่,Peta,नक्सा,ম্যাপ ,地图,地圖,ផែនទី
layers,Layers,Lớp,அடுக்குகள்,Capas,परतें,Lapisan,طبقات,Camadas,Vipande,Слои,Couches,Mga Layer,เลเยอร์,Lapisan,लेयर,স্তরসমূহ ,图层,圖層,ស្រទាប់
map_layers,Map Layers,Lớp bản đồ,வரைபட அடுக்குகள்,Capas de mapa,नक्शा परतें,Lapisan peta,طبقات الخريطة,Camadas do mapa,Vipande vya Ramani,Слои карты,Couches de carte,Mga layer ng mapa,เลเยอร์แผนที่,Lapisan Peta,नक्सा लेयरहरु,ম্যাপের স্তরসমূহ ,地图图层,地圖圖層,ស្រទាប់ផែនទី
map_vectors,Map vectors,Bản đồ vectơ,வரைபட திசையன்கள்,Vectores del mapa,मैप वेक्टर,Peta Vektor,متجهات الخريطة,Vetores do mapa,Vecta za ramani,Векторы карты,Vecteurs de carte,Mga vectors ng mapa,แผนที่เวกเตอร์,Vektor Peta,मानचित्र भेक्टर,মানচিত্রের ভেক্টর,地图向量,地圖向量,ផែនទីវ៉ិចទ័រ
initiate_downloading_offline_map,No map found! Downloading..,Không tìm thấy bản đồ nào! Đang tải xuống ..,வரைபடம் எதுவும் இல்லை! பதிவிறக்குகிறது ..,¡Ningún mapa encontrado! Descargando ..,कोई नक्शा नहीं मिला! डाउनलोड कर रहा है ..,Tiada peta dijumpai! muat turun ..,لم يتم العثور على خريطة! جارى التحميل..,Nenhum mapa encontrado! A transferir...,Hakuna ramani iliyopatikana! Inapakua ..,Карта не найдена! загрузка ..,Aucune carte trouvée! Téléchargement,Walang nakitang mapa! Nagda-download..,ไม่พบแผนที่! กำลังดาวน์โหลด..,Peta tidak ditemukan! Mengunduh..,कुनै नक्सा भेटिएन ! डाउनलोड गर्दै..,কোন ম্যাপ খুজে পাওয়া যায়নি! ডাউনলোড করা হচ্ছে ...,找不到地图！ 正在下载…,找不到地圖！ 正在下載…,រកមិនឃើញផែនទីទេ! កំពុងទាញយក…
internet_conection_needed_map,An Internet connection is needed to download map. Switch on WIFI or Mobile Data.,Cần có kết nối Internet để tải bản đồ. Bật WIFI hoặc Dữ liệu di động.,வரைபடத்தைப் பதிவிறக்க இணைய இணைப்பு தேவை. WIFI அல்லது மொபைல் தரவை மாற்றவும்.,Se necesita una conexión a Internet para descargar el mapa. Encienda WIFI o datos móviles,सिंक करने के लिए डेटा या वाई फाई की ज़रूरत है. आगे बढे?,Sambungan Internet diperlukan untuk memuat turun peta. Hidupkan WIFI atau data mudah alih.,هناك حاجة إلى اتصال بالإنترنت لتحميل الخريطة. قم بتشغيل WIFI أو بيانات الجوال.,É necessária uma ligação à Internet para transferir o mapa. Ligue o WiFi ou os dados móveis.,Uunganisho wa intaneti unahitaji kupakua ramani. Badilisha kwenye WIFI au Data ya Mkono.,Для загрузки карты необходимо подключение к Интернету. Включите WIFI или мобильные данные.,Une connexion Internet est nécessaire pour télécharger la carte. Activez le WIFI ou les données mobiles,Kailangan ng koneksyon sa Internet para ma-download ang mapa. Kumonekta sa WIFI o Mobile Data.,การเชื่อมต่ออินเตอร์เน็ตจำเป็นสำหรับการดาวน์โหลดแผนที่ เปิดใช้งาน WIFI หรืออินเตอร์เน็ตมือถือ,Koneksi Internet dibutuhkan untuk mengunduh peta. Aktifkan WIFI atau Data Seluler.,नक्सा डाउनलोड गर्न एउटा इन्टरनेट कनेस्क्सन आवश्यक हुन्छ l वाइफाई अन गर्नुहोस् वा मोबाइल डाटा अन गर्नुहोस् l,ম্যাপ ডাউনলোড করার জন্য একটি ইন্টারনেট সংযোগ প্রয়োজন। ওয়াই-ফাই বা আপনার মোবাইল ডাটা চালু করুন। ,下载地图需要连接互联网。请打开 WIFI 或移动数据。,下載地圖需要連接互聯網。請開啟 WIFI 或移動數據。,ត្រូវការភ្ជាប់អ៊ីនធឺណិតដើម្បីទាញយកផែនទី។ បើកវ៉ាយហ្វាយឬទិន្នន័យចល័ត។
downloading_maps_prompt,Downloading Offline Map,Đang tải bản đồ ngoại tuyến,ஆஃப்லைன் வரைபடத்தைப் பதிவிறக்குகிறது,Descargar el mapa sin conexión,ऑफ़लाइन मानचित्र डाउनलोड करना,Memuat turun peta luar talian,تحميل خريطة حاليا,Transferir mapa offline,Inapakua Ramani ya Nje,Загрузка автономной карты<,Téléchargement de la carte hors ligne,Nagda-download ang Offline Map,ดาวน์โหลดแผนที่ออฟไลน์,Mengunduh Peta Offline,अफलाइन नक्सा डाउनलोड गर्दै,অফলাইন ম্যাপ ডাউনলোড করা হচ্ছে …,下载离线地图,下載離線地圖,ទាញយកផែនទីក្រៅបណ្តាញទុក
currently_downloading_maps_prompt,Currently downloading offline Map,Đang tải bản đồ ngoại tuyến,தற்போது ஆஃப்லைன் வரைபடத்தைப் பதிவிறக்குகிறது,Actualmente descargando Mapa fuera de línea,वर्तमान में ऑफ़लाइन मानचित्र डाउनलोड कर रहा है,Kini memuat turun peta luar talian,حاليا تحميل خريطة حاليا,A transferir o mapa offline,Ramani ya nje ya mtandao inapakuliwa sasa hivi,В настоящее время загрузка офлайн-карты,En cours de téléchargement de la carte hors ligne,Kasalukuyang nagda-download ang Offline Map,กำลังทำการดาวน์โหลดแผนที่ออฟไลน์,Sedang mengunduh Peta offline,अहिले अफलाइन नक्सा डाउनलोड गर्दै,এখন অফলাইন ম্যাপ ডাউনলোড করা হচ্ছে ,目前正在下载离线地图,目前正在下載離線地圖,បច្ចុប្បន្នកំពុងទាញយកផែនទីក្រៅបណ្តាញទុក
close,close,gần,மூடுக,cerrar,बंद,menutup,أغلق,fechar,funga,закрывать,fermer,Isara,ปิด,tutup,नजिक,বন্ধ করা,关闭,關閉,បិត
 <!--Grievances Page -->, <!--Grievances Page -->, <!--Grievances Page -->, <!--Grievances Page -->, <!--Grievances Page -->, <!--Grievances Page -->, <!--Grievances Page -->, <!--Grievances Page -->, <!--Grievances Page -->, <!--Grievances Page -->, <!--Grievances Page -->, <!--Grievances Page -->, <!--Grievances Page -->, <!--Grievances Page -->, <!--Grievances Page -->, <!--Grievances Page -->, <!--Grievances Page -->, <!--Grievances Page -->, <!--Grievances Page -->, <!--Grievances Page -->
add_grievance_title,Would you like to add a new report or file a grievance ?,Bạn có muốn thêm một báo cáo mới hoặc nộp đơn khiếu nại không?,புதிய அறிக்கையைச் சேர்க்க விரும்புகிறீர்களா அல்லது குறைகளைச் சமர்ப்பிக்க விரும்புகிறீர்களா?,¿Desea agregar un nuevo informe o presentar una queja?,क्या आप एक नई रिपोर्ट जोड़ना चाहेंगे या शिकायत दर्ज करना चाहेंगे?,Adakah anda ingin menambah laporan baru atau memfailkan aduan ?,هل ترغب في إضافة تقرير جديد أو شكوى؟,Gostaria de adicionar um novo evento ou fazer uma denúncia?,"Je, ungependa kuongeza ripoti mpya au malalamiko?",Вы хотите добавить новый отчет или подать жалобу?,Voulez-vous ajouter un nouveau rapport ou déposer un grief ?,Gusto mo bang magdagdag ng bagong ulat o maghain ng reklamo?,คุณต้องการเพิ่มรายงานใหม่หรือยื่นคำร้อง?,Apakah anda ingin menambah laporan atau arsip keluhan baru?,के तपाईं एउटा नयाँ रिपोर्ट थप्न चाहनुहुन्छ वा एउटा गुनासो दाखिला गर्न चाहनुहुन्छ ?,আপনি কি একটি নতুন রিপোর্ট যুক্ত করতে চান? অথবা কোন অভিযোগ দাখিল করতে চান? ,你要添加新报告还是提出申诉？,你要新增新報告還是提出申訴？,តើអ្នកចង់បន្ថែមរបាយការណ៍ថ្មី ឬរៀបចំបណ្តឹងសារទុក្ខ?
grievance,Grievance,Khiếu nại,குறை,Queja,शिकायत,Keluhan,شكوى,Denúncia,Malalamiko,обида,Grief,Reklamo,คำร้อง,Keluhan,गुनासो,অভিযোগ ,申诉,申訴,បណ្តឹងសារទុក្ខ
date_of_grievance,Date of Grievance,Ngày khiếu nại,குறை நடந்த தேதி,Fecha de reclamo %1$s,शिकायत की तारीख,Tarikh keluhan %1$s,تاريخ حدوث التظلم,Data de denúncia,Tarehe ya malalamiko,Дата подачи жалобы,Date du grie,Petsa ng reklamo,วันที่คำร้อง,Tanggal Keluhan,गुनासोको मिति,অভিযোগের তারিখ ,申诉日期,申訴日期,កាលបរិច្ឆេទនៃបណ្តឹងសារទុក្ខ
where_it_happened,Location where it happened,Địa điểm xảy ra,குறை நடந்த இடம்,Ubicación donde sucedió,स्थान जहां यह हुआ,Lokasi di mana ia berlaku,الموقع الذي حدث فيه التظلم,Local da ocorrência,Mahali ambapo ilitokea,"Место, где это произошло",Lieu où c\'est arrivé,Lokasyon kung saan ito nangyari,สถานที่เกิดเหตุ,Lokasi dimana itu terjadi,कहाँ घट्यो त्यसको ठेगाना,যেখানে এটি ঘটেছে তার লোকেশন ,发生位置,發生位置,ទីតាំងដែលវាកើតឡើង
grievance_date,Grievance Date %1$s,Ngày khiếu nại,குறை கொடுக்கப்பட்ட நாள்,Fecha de queja %1$s,शिकायत दिनांक% 1 $ s,Tarikh keluhan %1$s,تاريخ التظلم٪1$s,Data de denúncia %1$s,Tarehe ya Malalamiko  %1$s,Дата жалоб %1$s,Date du grie %1$s,Petsa ng reklamo %1$s,คำร้องวันที่ %1$s,Tanggal Keluhan %1$s,गुनासो मिति %1$s,অভিযোগের তারিখ %1$s ,申诉日期 %1$s,申訴日期 %1$s,កាលបរិច្ឆេទបណ្តឹង %1$s
select_sector_grievance,Select Type of Grievance,Chọn loại khiếu nại,குறையின் வகையை தேர்ந்தெடுங்கள்,Seleccionar tipo de reclamo,शिकायत का प्रकार चुनें,Pilih jenis keluhan,نوع التظلم,Seleccionar o tipo de denúncia,Chagua Aina ya Malalamiko,Выберите тип жалобы,Choisir le type de grief,Pumili ng uri ng reklamo,เลือกประเภทของคำร้อง,Pilih Tipe Keluhan,गुनासोको प्रकार रोज्नुहोस्,অভিযোগের ধরণ ,请选择申诉类别,請選擇申訴類別,ជ្រើសរើសប្រភេទនៃការតវ៉ា
report,Report,Báo cáo,அறிக்கை,Informe,रिपोर्ट,Laporan,أبلغ عن,Evento,Ripoti,отчет,Rapport,Ulat,รายงาน,Laporan,रिपोर्ट गर्नुहोस्,রিপোর্ট ,报告,報告,របាយការណ៍
select_urgency,Select Urgency,Chọn mức độ khẩn cấp,அவசரத்தைத் தேர்ந்தெடுக்கவும்,Seleccione Urgencia,आग्रह का चयन करें,Pilih segera,اختيار الاستعجال,Seleccionar a urgência,Chagua Uharaka,Выберите срочность,Sélectionnez urgence,Piliin ang pangangailangan ng agarang pagtugon,เลือกความเร่งด่วน,Pilih Urgensi,तत्कालिकता रोज्नुहोस्,আর্জেন্সি সিলেক্ট করুন ,选择紧急程度,選擇緊急程度,ជ្រើសរើសភាពបន្ទាន់
edit_grievance,Edit Grievance,Chỉnh sửa khiếu nại,குறை மாற்றம் செய்ய,Editar reclamo,शिकायत संपादित करें,Edit keluhan,تحرير التظلم,Editar denúncia,Badilisha malalamiko,Изменить жалобу,Modifier le grief,Baguhin ang reklamo,แก้ไขคำร้อง,Ubah Keluhan,गुनासो सम्पादन गर्नुहोस्,অভিযোগ সম্পাদনা করুন ,编辑申诉,編輯申訴,កែសម្រួលការតវ៉ា
add_grievance,Add Grievance,Thêm khiếu nại,குறைகளைச் சேர்க்கலாம்,Agregar reclamo,शिकायत जोड़ें,Tambah keluhan,أضف شكوى,Adicionar denúncia,Ongeza malalamiko,Добавить жалобу,Ajouter un grief,Magdagdag ng reklamo,เพิ่มคำร้อง,Tambah Keluhan,गुनासो राख्नुहोस्,অভিযোগ যুক্ত করুন ,添加申诉,新增申訴,បន្ថែមការតវ៉ា
sync_grievance,Sync Grievance to Server,Đồng bộ hóa khiếu nại với máy chủ,குறையை சேவையகத்திற்கு ஒத்திசைவு சேர்க்க,Sincronizar queja al servidor,सर्वर से सिंक की शिकायत,Menyegerakkan keluhan kepada pelayan,مزامنة التظلم إلى الخادم,Sincronizar denúncia com o servidor,Unganisha malalamiko kwa Seva,Синтаксическая жалоба на сервер,Synchroniser le grief avec le serveur,Pag-sync ang reklamo sa Server,ถ่ายโอนคำร้องไปยังเซิร์ฟเวอร์,Sinkronisasi Keluhan ke Server,सर्भरसँग गुनासो सिंक गर्नुहोस्,অভিযোগটিকে সার্ভারে সিনক্রোনাইজেশন করুন ,将申诉同步到服务器,將申訴同步到伺務器,ធ្វើសមកាលកម្មបណ្តឹងសារទុក្ខទៅស៊ើវើ
syncing_grievance_of,Syncing Grievance,Đang đồng bộ hóa khiếu nại với máy chủ,குறைகளை ஒத்திசைத்தல்,Sincronización de reclamo,शिकायत को समाप्‍त करना,Menyelaras keluhan,مزامنة التظلمات,Sincronizar denúncia,Unganisha malalamiko kwa Seva,Синхронизация жалобы,Synchronisation des griefs,Pag-sync ng reklamo,กำลังถ่ายโอนคำร้อง,Sinkronisasi Keluhan,गुनासो सिंक हुँदै,অভিযোগ সিনক্রোনাইজেশন করা হচ্ছে ,正在同步申诉,正在同步申訴,ធ្វើសមកាលកម្មបណ្តឹងសារទុក្ខ
grievance_status,What type of Grievance are you capturing?,Bạn đang chụp loại Khiếu Nại nào?,நீங்கள் எந்த வகை குறைகளை கையாளுகிறீர்கள்?,¿Qué tipo de queja o reclamo está presentando?,आप किस तरह की शिकायत दर्ज़ कर रहे हैं?,Apakah jenis Rungutan yang ingin dilaporkan?,ما نوع التظلم الذي تلتقطه؟,Que tipo de denúncia está a capturar?,Unachagua malalamishi ya aina gani?,Какой тип претензий вы фиксируете?,Quel type de grief capturez-vous?,Anong uri ng karaingan ang kinukuha mo?,คำร้องประเภทใดที่คุณกำลังบันทึก?,Tipe Keluhan apa yang anda dapatkan?,तपाईं कस्तो प्रकारको गुनासो कब्जा गर्दै हुनुहुन्छ ?,কোন ধরণের অভিযোগ আপনি দেখতে পাচ্ছেন? ,你的申诉类别属哪一项?,你的申訴類別屬哪一項?,តើប្រភេទនៃបណ្តឹងសារទុក្ខណាដែលអ្នកកំពុងថតទុក?
grievance_cannot_save,"Cannot save grievance without a valid grievance ID. Discard grievance
",Không thể lưu khiếu nại mà không có ID khiếu nại hợp lệ. Hủy bỏ khiếu nại,"சரியான குறைபாடு ஐடியின்றி, குறைகளைச் சேமிக்க முடியாது. குறைகளை விலக்கு",No se puede guardar el reclamo sin una ID de reclamo válido. Descartar el reclamo,बिना एक मान्य शिकायत आईडी के ग्रिएवांस / शिकायत सेव नहीं की जा सकती है। शिकायत को रद्द करें।,Tidak dapat menyimpan rungutan tanpa ID rungutan yang sah. Buang rungutan,لا يمكن حفظ التظلم بدون معرف التظلم صالح. تجاهل التظلم,Não é possível guardar uma denúncia sem um ID válido. Descartar denúncia,Haiwezi kuhifadhi malalamiko bila Kitambulisho halali. Kuondoa malalamiko?,Невозможно сохранить жалобу без действительного идентификатора жалобы. Отменить жалобу?,Cannot save grievance without a valid grievance ID. Discard grievance,Hindi makapag-save ng karaingan nang walang isang wastong ID ng karaingan. Itapon ang karaingan?,ไม่สามารถบันทึกคำร้องโดยปราศจากเลข ID คำร้องได้ ยกเลิกคำร้อง,Tidak bisa menyimpan keluhan tanpa ID keluhan yang valid. Buang keluhan,एउटा वैध गुनासो आइडी बिना गुनासो सेभ हुन सक्दैन l गुनासो पठाउन छोड्नुहोस्,বৈধ অভিযোগ আইডি না থাকার কারণে অভিযোগটি সেভ করা যায়নি। অভিযোগটি বাতিল করুন? ,申诉 ID 无效，无法保存申诉，请放弃申诉,申訴 ID 無效，無法保存申訴，請放棄申訴,មិនអាចរក្សាទុកបណ្តឹងសារទុក្ខបានទេបើគ្មានលេខសម្គាល់បណ្តឹងត្រឹមត្រូវ។ បោះបង់បណ្តឹងសារទុក្ខ
<!--Lessons Page -->,<!--Lessons Page -->,<!--Lessons Page -->,<!--Lessons Page -->,<!--Lessons Page -->,<!--Lessons Page -->,<!--Lessons Page -->,<!--Lessons Page -->,<!--Lessons Page -->,<!--Lessons Page -->,<!--Lessons Page -->,<!--Lessons Page -->,<!--Lessons Page -->,<!--Lessons Page -->,<!--Lessons Page -->,<!--Lessons Page -->,<!--Lessons Page -->,<!--Lessons Page -->,<!--Lessons Page -->,<!--Lessons Page -->
lessons_folder_error,Problem creating lessons folder,Sự cố khi tạo thư mục bài học,பாடங்கள் பக்கம் கோப்புறையை உருவாக்குவதில் சிக்கல்,Problema al crear la carpeta lecciones,गाइड फोल्डर बनाने में दिक्कत,Masalah mencipta folder tutorial,مشكلة في إنشاء مجلد الدروس,Problema ao criar a pasta das lições,Tatizo kuongeza masomo kwa simu,Проблема с созданием папки уроков,Probleme de creation dossier lecons,Nagkaproblema sa paglikha ng folder ng mga aralin,พบปัญหาในการสร้างแฟ้มวิดีโอสาธิตการใช้งาน,Folder bantuan pembuatan masalah,पाठहरुको फोल्डर बनाउँन समस्या,পাঠের ফোল্ডার তৈরি করতে সমস্যা দেখা দিচ্ছে ,创建课程活页夹时出现问题,創建課程文件夾時出現問題,មានបញ្ហាក្នុងការបង្កើតថតឯកសារមេរៀន
lessons_prompt,Lessons,Bài học,பாடங்கள்,Lecciones,गाइड,Tutorial,دروس,Lições,Mafunzo,Уроки,Cours,Mga Aralin,วิดีโอสาธิตการใช้งาน,Bantuan,पाठहरु,পাঠসমূহ ,课程,課程,មេរៀន
lessons_unzipping,Unzipping Lessons..,Giải nén bài học..,பாடங்கள் விரிவாக்க ..,Lecciones de descomprimir..,गाइड ज़िप फाइल से निकले जा रहें हैं,Membuka Zip Tutorial…,فك الدرس ..,A descomprimir lições…,Kufungua failifunge la Masomo..,Распаковка уроков,Lecons decompression de fichiers..,Ina-unzip ang Mga Aralin…,แตกไฟล์วิดีโอสาธิตการใช้งาน,Unzip Bantuan..,पाठहरु खोल्दै..,পাঠসমূহ আনজিপ করা হচ্ছে …,正在解压缩课程...,正在解壓縮課程...,ពន្លាមេរៀន ..
lessons_thumbnails,Generating thumbnails..,Đang tạo hình thu nhỏ ..,சிறு உருவங்களை உருவாக்குகிறது ..,Generando thumbnails..,थुम्ब्नेल बन रहें हैं,Menjana thumbnail…,توليد الصور المصغرة ..,A gerar miniaturas…,Kutengeneza picha za video,Создание эскизов,Generer des thumbnails..,Lumilikha ng mga thumbnail…,สร้างรูปประกอบ..,Membuat Thumbnail,थम्बनेलहरु बनाउँदै..,থাম্বনেইলসমূহ তৈরি করা হচ্ছে ... ,正在产生缩图…,正在產生縮圖…,កំពុងបង្កើតរូបភាពតំណាង
lessons_completed,Complete!,Hoàn thành!,முடிந்தது!,Completar!,पूर्ण!,Selesai!,منجز,Concluído!,Imekamilika!,Завершено,Finir!,Kumpleto na!,เสร็จสมบูรณ์!,Lengkap,पुरा भयो !,সম্পন্ন হয়েছে! ,完成！,完成！,បញ្ចប់!
<!--Reports Page -->,<!--Reports Page -->,<!--Reports Page -->,<!--Reports Page -->,<!--Reports Page -->,<!--Reports Page -->,<!--Reports Page -->,<!--Reports Page -->,<!--Reports Page -->,<!--Reports Page -->,<!--Reports Page -->,<!--Reports Page -->,<!--Reports Page -->,<!--Reports Page -->,<!--Reports Page -->,<!--Reports Page -->,<!--Reports Page -->,<!--Reports Page -->,<!--Reports Page -->,<!--Reports Page -->
title_projects,Media Files,Tệp phương tiện,மீடியா கோப்புகள்,Archivos de multimedia,मीडिया फ़ाइलें,Fail Media,ملفات الوسائط,Ficheiros de media,Faili za picha/sauti/video,Медиа файлы,Fichiers multimédias,MMga File ng Media,ไฟล์มีเดีย,File Media,मिडिया फाइलहरु,মিডিয়া ফাইলসমূহ,媒体文件,媒體文件,ឯកសារមេឌៀ
projects_not_uploaded,Not uploaded!,Chưa được tải lên,பதிவேற்றப்படவில்லை,Archivo no cargado,अपलोड नहीं हुआ,Tidak dimuat naik,لم يتم التحميل,Não carregado!,Hazijapakiwa,Не загружено,Pas téléchargé,Hindi nai-upload,ยังไม่อัปโหลด!,Belum di Upload,अपलोड गरिएन !,আপলোড করা হয়নি!,尚未上传！,尚未上載！,មិនបានផ្ទុកឡើង!
projects_uploaded,Uploaded!,Đã tải lên,பதிவேற்றம் முடிந்தது,¡Archivo cargado!,अपलोड की गई!,Dimuat naik!,تم تحميلها!,Carregado!,Zimepakiwa!,Загружено,Téléchargé!,Nai-upload na!,อัปโหลดแล้ว!,Sudah Di Upload,अपलोड भयो !,আপলোড করা হয়েছে!,已上传！,已上載！,បានផ្ទុកឡើង!
loading,Loading..,Đang tải..,லோடிங்…,Cargando..,लोड हो रहा है,Memuat…,تحميل,A carregar…,Inapakia…,Загружается…,Chargement..,Naglo-load…,กำลังโหลด..,Loading,लोड हुँदै..,লোড হচ্ছে …,正在上传！,正在上載！,កំពុងបើក..
captured_at,Captured at,Chụp tại,கைப்பற்றப்பட்ட இடம்,Capturado el,पर लिया क्लिप,Ditangkap di,تم التقاطها في _______,Capturado em,Zilinaswa,Снято в,"captured_at"">Saisi le",Kinuha sa,ถูกบันทึกที่,Diambil pada tanggal,यतिमा कब्जा गरियो,কোথায় ধারণ করা হয়েছে,录制于,錄製於,ថតនៅ
<!-- Audio Recorder -->,<!-- Audio Recorder -->,<!-- Audio Recorder -->,<!-- Audio Recorder -->,<!-- Audio Recorder -->,<!-- Audio Recorder -->,<!-- Audio Recorder -->,<!-- Audio Recorder -->,<!-- Audio Recorder -->,<!-- Audio Recorder -->,<!-- Audio Recorder -->,<!-- Audio Recorder -->,<!-- Audio Recorder -->,<!-- Audio Recorder -->,<!-- Audio Recorder -->,<!-- Audio Recorder -->,<!-- Audio Recorder -->,<!-- Audio Recorder -->,<!-- Audio Recorder -->,<!-- Audio Recorder -->
recording_stopped,Recording stopped,Đã dừng ghi âm,பதிவு நிறுத்தப்பட்டது,La grabación se detuvo,रिकॉर्डिंग की प्रक्रिया बंद,Rakaman berhenti,توقف التسجيل,A gravação parou,Kurekodi kumesimama,Запись остановлена,Enregistrement interrompu,Huminto ang pagrekord,หยุดการอัดเสียง,Stop rekaman,रेकर्डिङ रोकियो,রেকর্ডিং থেমে গিয়েছে ,录音已停止,錄音已停止,ការថតត្រូវបានឈប់
storage_is_full,Storage is full,Lưu trữ đầy,சேமிப்பிடம் நிரம்பியுள்ளது,El almacenamiento está lleno,स्टोरेज भर गया,Storan telah penuh,الذاكرة ممتلئه,Espaço de armazenamento cheio,Hifadhi imejaa,Память заполнено,Espace de stockage insuffisant,Puno na ang storage,พื้นที่จัดเก็บเต็ม,Memori Penuh,स्टोरेज भरियो,স্টোরেজটি পরিপূর্ণ ,储存空间已满,儲存空間已滿,អង្គផ្ទុកពេញ
max_length_reached,Maximum length reached,Đã đạt đến độ dài tối đa,அதிகபட்ச நீளம் அடைந்தது,Ha alcanzado la máxima duración,समय सीमा पार,Panjang maksimum dicapai,بلغ الحد الأقصى للطول,Atingiu a duração máxima,Upeo wa urefu umefikiwa,Достигнута максимальная длина,Durée maximale atteinte,Naabot na ang maximum na haba,ถึงกำหนดความยาวสูงสุด,Maksimum Durasi tercapai,अधिकतम समय पुग्यो,সর্বোচ্চ দৈর্ঘ্য অতিক্রম করেছে ,已逹到最长时间,已逹到最長時間,គ្រប់ប្រវែងអតិបរមា
insert_sd_card,SD card is required,Cần có thẻ SD,SD கார்டு தேவை,Se requiere de tarjeta SD,SD कार्ड ज़रुरी है,Kad SD diperlukan,مطلوب بطاقه SD,É necessário o cartão SD,SD card inahitajika,Необходимо подключить внешнюю карту памяти,Une carte SD est nécessaire,Kailangan ng SD Card,จำเป็นต้องใช้การ์ด SD,Memori Card Diperlukan,एसडी कार्ड आवश्यक हुन्छ,এসডি কার্ড আবশ্যক ,需要 SD 卡,需要 SD 卡,តម្រូវអោយមានSDកាត
button_ok,OK,OK,சரி,OK,ठीक,OK,OK,OK,SAWA,OK,OK,OK,ตกลง,OK,ठिक छ,ঠিক আছে ,确定,確定,យល់ព្រម
error_sdcard_access,Unable to access external or internal storage,Không thể truy cập bộ nhớ ngoài hoặc bộ nhớ trong,வெளிப்புற அல்லது உள்ளக சேமிப்பிடத்தை அணுக முடியவில்லை,No se puede acceder al almacenamiento externo o interno,फ़ोन मेमोरी या SD कार्ड से जुडाव नहीं हो रहा है,Tidak dapat mengakses storan luaran atau dalaman,غير قادر الى الوصول الى التخزين الخارجي او الداخلي,Incapaz de aceder ao armazenamento externo ou interno,Imeshindwa kufikia hifadhi ya ndani au nje,Не удается получить доступ к внешнему или внутреннему хранилищу,Impossible d'accéder au stockage externe ou interne,Hindi ma-access ang external o internal storage,ไม่สามารถเข้าถึงพื้นที่จัดเก็บภายนอกหรือภายในได้,Tidak dapat mengakses Storage,एक्स्टरनल वा इन्टरनल स्टोरेज पहुँच गर्न असक्षम,এক্সটার্নাল বা ইন্টার্নাল কোন স্টোরেজেই প্রবেশ করা যাচ্ছে না ,无法访问外部或内部存储,無法存取外部或內部存儲,មិនអាចចូលទៅកាន់អង្គផ្ទុកទិន្នន័យខាងក្រៅ ឬក្នុងម៉ាស៊ីន
error_app_internal,Internal application error,Lỗi ứng dụng,உள்ளக பயன்பாட்டு பிழை,Error interno de la aplicación,ऐप्प में दिक्कत,Ralat aplikasi dalaman,خطأ في التطبيق الداخلي,Erro interno da aplicação,Kosa la ndani la apu,Ошибка приложения,Erreur d'application interne,Error sa internal application,พบปัญหาภายในแอปพลิเคชัน,Kesalahan Aplikasi,आन्तरिक एप्लिकेसन त्रुटी,এপ্লিকেশনের অভ্যন্তরীণ ত্রুটি ,内部应用程序错误,內部應用程式錯誤,បញ្ហាកម្មវិធីខាងក្នុង
error_mediadb_new_record,Unable to save recorded audio,Không thể lưu âm thanh đã ghi,பதிவுசெய்யப்பட்ட ஆடியோ சேமிக்க முடியவில்லை,No se puede guardar el audio grabado.,रिकॉर्ड किया गया ऑडियो सेव नहीं हो पा रहा है,Tidak dapat menyimpan rakaman audio,غير قادر ع حفظ تسجيل الصوت,Incapaz de guardar o áudio gravado,Imeshindwa kuhifadhi sauti iliyorekodiwa,Невозможно сохранить аудиозапись,Impossible de sauvegarder l'audio enregistré,Hindi mai-save ang nairekord na audio,ไม่สามารถบันทึกเสียงได้,Tidak dapat menyimpan rekaman suara,रेकर्ड गरिएको अडियो सेभ गर्न असक्षम,রেকর্ডকৃত অডিওটি সেভ করা সম্ভব হচ্ছেনা ,无法保存录制的音频,無法保存錄製的音訊,មិនអាចរក្សាទុកនូវសម្លេងដែលបានថតរួច
delete_dialog_title,Delete your audio recording?,Xóa bản ghi âm của bạn?,உங்கள் ஆடியோ பதிவு நீக்கவா?,Suprimir su grabación?,अपनी ऑडियो रिकॉर्डिंग हटाएं?,Padam rakaman audio anda?,حذف التسجيل الصوتي الخاص بك؟,Apagar a gravação de áudio?,Futa sauti ulio recordi?,Удалить аудиозапись?,Supprimer votre enregistrement audio?,Burahin ang iyong audio recording?,ลบการบันทึกเสียง?,Hapus rekaman audio anda?,तपाईंको अडियो रेकर्डिङ मेट्ने ?,আপনার অডিও রেকর্ডটি মুছে ফেলুন? ,删除录音?,刪除錄音?,លុបចោលនូវសម្លេងថតរបស់អ្នក?
overwrite_dialog_title,%s has already existed. Do you want to overwrite it?,... đã tồn tại. Bạn có muốn thay thế bản ghi này?,.. ஏற்கனவே இருந்திருக்கிறது. இதை மேலெழுத வேண்டுமா?,% s ya ha existido. ¿Quieres sobreescribirlo?,% s पहले से मौजूद है। क्या आप इसे अधिलेखित करना चाहते हैं?,%s sudah wujud. Adakah anda mahu menggantinya?,٪s موجود بالفعل. هل تريد الكتابة عليه؟,%s já existe. Deseja substituir?,%s has already existed. Do you want to overwrite it?,%s уже имеется. Вы хотите переписать?,%s a déjà existé. Voulez-vous l'écraser?,%s ay dati nang umiiral. Gusto mo ba itong i-overwrite?,%s มีอยู่แล้ว คุณต้องการเขียนทับหรือไม่?,%s sudah tersedia. Apakah anda ingin melakukan overwrite?,%s पहिलेनै अवस्थित छ l के तपाईं त्यो ओभरराइट गर्न चाहनुहुन्छ ?,%s ইতোমধ্যে বিদ্যমান রয়েছে। আপনি কি এটাকে ওভাররাইট করতে চান? ,％s已经存在，要覆盖原有信息吗？,％s已經存在，要覆蓋原有信息嗎？,%s មានស្រាប់។ តើអ្នកចង់កត់ជួសវា?
notification_recording,Recording..,Đang ghi âm,பதிவு ..,Grabando..,रिकॉर्डिंग की प्रक्रिया जारी,Merakam…,تسجيل,A gravar…,Kurekodi…,Запись…,Enregistrement..,Nagrerekord…,กำลังอัดเสียง..,Rekaman,रेकर्ड गर्दै..,রেকর্ডিং হচ্ছে ...,正在录音,正在錄音,កំពុងថត..
notification_stopped,Recording is stopped,Đã dừng ghi âm,பதிவு நிறுத்தப்பட்டது,La grabación se detuvo,रिकॉर्डिंग की प्रक्रिया बंद,Rakaman dihentikan,يتم إيقاف التسجيل,Gravação parada,Kurekodi kumesimamishwa,Запись приостановлена,Enregistrement interrompu,Itinigil ang pagrerekord,หยุดการอัดเสียง,Stop rekaman,रेकर्डङ रोकियो,রেকর্ডিং থেমে গিয়েছে ,錄音已停止,錄音已停止,ការថតត្រូវបានឈប់
notification_warning,Low storage(less than %d minutes)..,Dung lượng thấp (ít hơn .... phút) ..,குறைந்த சேமிப்பிடம் (நிமிடங்களுக்கு குறைவாக) ..,Bajo almacenamiento (menos de% d minutos) ..,स्टोरेज कम (%d मिनट से कम),Storan rendah (kurang daripada %d minit)…,%تخزين منخفض (أقل من d% دقيقة),Pouco espaço de armazenamento (menos de %d minutos)..,Low storage(less than %d minutes)..,Недостаточно памяти (менее %d мин),Stockage faible (moins de %d minutes)..,Mababa na ang storage (mas mababa sa %d minuto)…,พื้นที่จัดเก็บต่ำ (น้อยกว่า %d นาที)..,Kapasitas penyimpanan rendah (kurang dari %d menit)..,न्यून स्टोरेज (%d मिनेट भन्दा कम)..,স্টোরেজের কমতি ( %d মিনিটের কম রয়েছে),存储空间不足（少于 ％d 分钟）。,存儲空間不足（少於 ％d 分鐘）。,ទំហំផ្ទុកសល់តិច (តិចជាង %d នាទី)..
description_field_grievance,Statement &amp; Expected Action,Tuyên bố ...; Hành động dự kiến,அறிக்கை ...; எதிர்பார்க்கப்படும் செயல்,Declaración…; Acción Prevista,टिपण्णी ...; किस तरह की कार्यवाही की उम्मीद करते हैं,Kenyataan …; Tindakan Dijangka,بيان ...؛ العمل المتوقع,Declaração &amp; Acção esperada,Kauli &amp; Hatua Inatarajiwa,Утверждение &amp; Ожидаемые действия,Déclaration &amp;  Action attendue,Pahayag &amp; Inaasahang tugon,คำบรรยาย &amp; การปฏิบัติที่คาดหวัง,Pernyataan &amp; Tindakan yang Diharapkan,कथन &amp; प्रत्यासित कार्य,বিবরণ &amp; প্রত্যাশিত কাজ,陈述; 预期行动,陳述; 預期行動,សេចក្តីថ្លែងការណ៍ &amp; សកម្មភាពរំពឹងទុក